,CountryName,CountryCode,RegionName,RegionCode,Jurisdiction,Date,C1_School closing,C1_Flag,C2_Workplace closing,C2_Flag,C3_Cancel public events,C3_Flag,C4_Restrictions on gatherings,C4_Flag,C5_Close public transport,C5_Flag,C6_Stay at home requirements,C6_Flag,C7_Restrictions on internal movement,C7_Flag,C8_International travel controls,E1_Income support,E1_Flag,E2_Debt/contract relief,E3_Fiscal measures,E4_International support,H1_Public information campaigns,H1_Flag,H2_Testing policy,H3_Contact tracing,H4_Emergency investment in healthcare,H5_Investment in vaccines,H6_Facial Coverings,H6_Flag,H7_Vaccination policy,H7_Flag,M1_Wildcard,Cases,ConfirmedCases,Deaths,ConfirmedDeaths,StringencyIndex,StringencyIndexForDisplay,StringencyLegacyIndex,StringencyLegacyIndexForDisplay,GovernmentResponseIndex,GovernmentResponseIndexForDisplay,ContainmentHealthIndex,ContainmentHealthIndexForDisplay,EconomicSupportIndex,EconomicSupportIndexForDisplay
44403,Iran,IRN,,,NAT_TOTAL,2020-01-01,0.0,,0.0,,0.0,,0.0,,0.0,,0.0,,0.0,,0.0,0.0,,0.0,0.0,0.0,0.0,,0.0,0.0,0.0,0.0,0.0,,0.0,,,0,,0,,0.0,0.0,0.0,0.0,0.0,0.0,0.0,0.0,0.0,0.0
44404,Iran,IRN,,,NAT_TOTAL,2020-01-02,0.0,,0.0,,0.0,,0.0,,0.0,,0.0,,0.0,,0.0,0.0,,0.0,0.0,0.0,0.0,,0.0,0.0,0.0,0.0,0.0,,0.0,,,0,,0,,0.0,0.0,0.0,0.0,0.0,0.0,0.0,0.0,0.0,0.0
44405,Iran,IRN,,,NAT_TOTAL,2020-01-03,0.0,,0.0,,0.0,,0.0,,0.0,,0.0,,0.0,,0.0,0.0,,0.0,0.0,0.0,0.0,,0.0,0.0,0.0,0.0,0.0,,0.0,,,0,,0,,0.0,0.0,0.0,0.0,0.0,0.0,0.0,0.0,0.0,0.0
44406,Iran,IRN,,,NAT_TOTAL,2020-01-04,0.0,,0.0,,0.0,,0.0,,0.0,,0.0,,0.0,,0.0,0.0,,0.0,0.0,0.0,0.0,,0.0,0.0,0.0,0.0,0.0,,0.0,,,0,,0,,0.0,0.0,0.0,0.0,0.0,0.0,0.0,0.0,0.0,0.0
44407,Iran,IRN,,,NAT_TOTAL,2020-01-05,0.0,,0.0,,0.0,,0.0,,0.0,,0.0,,0.0,,0.0,0.0,,0.0,0.0,0.0,0.0,,0.0,0.0,0.0,0.0,0.0,,0.0,,,0,,0,,0.0,0.0,0.0,0.0,0.0,0.0,0.0,0.0,0.0,0.0
44408,Iran,IRN,,,NAT_TOTAL,2020-01-06,0.0,,0.0,,0.0,,0.0,,0.0,,0.0,,0.0,,0.0,0.0,,0.0,0.0,0.0,0.0,,0.0,0.0,0.0,0.0,0.0,,0.0,,,0,,0,,0.0,0.0,0.0,0.0,0.0,0.0,0.0,0.0,0.0,0.0
44409,Iran,IRN,,,NAT_TOTAL,2020-01-07,0.0,,0.0,,0.0,,0.0,,0.0,,0.0,,0.0,,0.0,0.0,,0.0,0.0,0.0,0.0,,0.0,0.0,0.0,0.0,0.0,,0.0,,,0,,0,,0.0,0.0,0.0,0.0,0.0,0.0,0.0,0.0,0.0,0.0
44410,Iran,IRN,,,NAT_TOTAL,2020-01-08,0.0,,0.0,,0.0,,0.0,,0.0,,0.0,,0.0,,0.0,0.0,,0.0,0.0,0.0,0.0,,0.0,0.0,0.0,0.0,0.0,,0.0,,,0,,0,,0.0,0.0,0.0,0.0,0.0,0.0,0.0,0.0,0.0,0.0
44411,Iran,IRN,,,NAT_TOTAL,2020-01-09,0.0,,0.0,,0.0,,0.0,,0.0,,0.0,,0.0,,0.0,0.0,,0.0,0.0,0.0,0.0,,0.0,0.0,0.0,0.0,0.0,,0.0,,,0,,0,,0.0,0.0,0.0,0.0,0.0,0.0,0.0,0.0,0.0,0.0
44412,Iran,IRN,,,NAT_TOTAL,2020-01-10,0.0,,0.0,,0.0,,0.0,,0.0,,0.0,,0.0,,0.0,0.0,,0.0,0.0,0.0,0.0,,0.0,0.0,0.0,0.0,0.0,,0.0,,,0,,0,,0.0,0.0,0.0,0.0,0.0,0.0,0.0,0.0,0.0,0.0
44413,Iran,IRN,,,NAT_TOTAL,2020-01-11,0.0,,0.0,,0.0,,0.0,,0.0,,0.0,,0.0,,0.0,0.0,,0.0,0.0,0.0,0.0,,0.0,0.0,0.0,0.0,0.0,,0.0,,,0,,0,,0.0,0.0,0.0,0.0,0.0,0.0,0.0,0.0,0.0,0.0
44414,Iran,IRN,,,NAT_TOTAL,2020-01-12,0.0,,0.0,,0.0,,0.0,,0.0,,0.0,,0.0,,0.0,0.0,,0.0,0.0,0.0,0.0,,0.0,0.0,0.0,0.0,0.0,,0.0,,,0,,0,,0.0,0.0,0.0,0.0,0.0,0.0,0.0,0.0,0.0,0.0
44415,Iran,IRN,,,NAT_TOTAL,2020-01-13,0.0,,0.0,,0.0,,0.0,,0.0,,0.0,,0.0,,0.0,0.0,,0.0,0.0,0.0,0.0,,0.0,0.0,0.0,0.0,0.0,,0.0,,,0,,0,,0.0,0.0,0.0,0.0,0.0,0.0,0.0,0.0,0.0,0.0
44416,Iran,IRN,,,NAT_TOTAL,2020-01-14,0.0,,0.0,,0.0,,0.0,,0.0,,0.0,,0.0,,0.0,0.0,,0.0,0.0,0.0,0.0,,0.0,0.0,0.0,0.0,0.0,,0.0,,,0,,0,,0.0,0.0,0.0,0.0,0.0,0.0,0.0,0.0,0.0,0.0
44417,Iran,IRN,,,NAT_TOTAL,2020-01-15,0.0,,0.0,,0.0,,0.0,,0.0,,0.0,,0.0,,0.0,0.0,,0.0,0.0,0.0,0.0,,0.0,0.0,0.0,0.0,0.0,,0.0,,,0,,0,,0.0,0.0,0.0,0.0,0.0,0.0,0.0,0.0,0.0,0.0
44418,Iran,IRN,,,NAT_TOTAL,2020-01-16,0.0,,0.0,,0.0,,0.0,,0.0,,0.0,,0.0,,0.0,0.0,,0.0,0.0,0.0,0.0,,0.0,0.0,0.0,0.0,0.0,,0.0,,,0,,0,,0.0,0.0,0.0,0.0,0.0,0.0,0.0,0.0,0.0,0.0
44419,Iran,IRN,,,NAT_TOTAL,2020-01-17,0.0,,0.0,,0.0,,0.0,,0.0,,0.0,,0.0,,0.0,0.0,,0.0,0.0,0.0,0.0,,0.0,0.0,0.0,0.0,0.0,,0.0,,,0,,0,,0.0,0.0,0.0,0.0,0.0,0.0,0.0,0.0,0.0,0.0
44420,Iran,IRN,,,NAT_TOTAL,2020-01-18,0.0,,0.0,,0.0,,0.0,,0.0,,0.0,,0.0,,0.0,0.0,,0.0,0.0,0.0,0.0,,0.0,0.0,0.0,0.0,0.0,,0.0,,,0,,0,,0.0,0.0,0.0,0.0,0.0,0.0,0.0,0.0,0.0,0.0
44421,Iran,IRN,,,NAT_TOTAL,2020-01-19,0.0,,0.0,,0.0,,0.0,,0.0,,0.0,,0.0,,0.0,0.0,,0.0,0.0,0.0,0.0,,0.0,0.0,0.0,0.0,0.0,,0.0,,,0,,0,,0.0,0.0,0.0,0.0,0.0,0.0,0.0,0.0,0.0,0.0
44422,Iran,IRN,,,NAT_TOTAL,2020-01-20,0.0,,0.0,,0.0,,0.0,,0.0,,0.0,,0.0,,0.0,0.0,,0.0,0.0,0.0,0.0,,0.0,0.0,0.0,0.0,0.0,,0.0,,,0,,0,,0.0,0.0,0.0,0.0,0.0,0.0,0.0,0.0,0.0,0.0
44423,Iran,IRN,,,NAT_TOTAL,2020-01-21,0.0,,0.0,,0.0,,0.0,,0.0,,0.0,,0.0,,0.0,0.0,,0.0,0.0,0.0,0.0,,0.0,0.0,0.0,0.0,0.0,,0.0,,,0,,0,,0.0,0.0,0.0,0.0,0.0,0.0,0.0,0.0,0.0,0.0
44424,Iran,IRN,,,NAT_TOTAL,2020-01-22,0.0,,0.0,,0.0,,0.0,,0.0,,0.0,,0.0,,0.0,0.0,,0.0,0.0,0.0,0.0,,0.0,0.0,0.0,0.0,0.0,,0.0,,,0,0.0,0,0.0,0.0,0.0,0.0,0.0,0.0,0.0,0.0,0.0,0.0,0.0
44425,Iran,IRN,,,NAT_TOTAL,2020-01-23,0.0,,0.0,,0.0,,0.0,,0.0,,0.0,,0.0,,0.0,0.0,,0.0,0.0,0.0,0.0,,0.0,0.0,0.0,0.0,0.0,,0.0,,,0,0.0,0,0.0,0.0,0.0,0.0,0.0,0.0,0.0,0.0,0.0,0.0,0.0
44426,Iran,IRN,,,NAT_TOTAL,2020-01-24,0.0,,0.0,,0.0,,0.0,,0.0,,0.0,,0.0,,0.0,0.0,,0.0,0.0,0.0,0.0,,0.0,0.0,0.0,0.0,0.0,,0.0,,,0,0.0,0,0.0,0.0,0.0,0.0,0.0,0.0,0.0,0.0,0.0,0.0,0.0
44427,Iran,IRN,,,NAT_TOTAL,2020-01-25,0.0,,0.0,,0.0,,0.0,,0.0,,0.0,,0.0,,0.0,0.0,,0.0,0.0,0.0,0.0,,0.0,0.0,0.0,0.0,0.0,,0.0,,,0,0.0,0,0.0,0.0,0.0,0.0,0.0,0.0,0.0,0.0,0.0,0.0,0.0
44428,Iran,IRN,,,NAT_TOTAL,2020-01-26,0.0,,0.0,,0.0,,0.0,,0.0,,0.0,,0.0,,0.0,0.0,,0.0,0.0,0.0,0.0,,0.0,0.0,0.0,0.0,0.0,,0.0,,,0,0.0,0,0.0,0.0,0.0,0.0,0.0,0.0,0.0,0.0,0.0,0.0,0.0
44429,Iran,IRN,,,NAT_TOTAL,2020-01-27,0.0,,0.0,,0.0,,0.0,,0.0,,0.0,,0.0,,0.0,0.0,,0.0,0.0,0.0,0.0,,0.0,0.0,0.0,0.0,0.0,,0.0,,,0,0.0,0,0.0,0.0,0.0,0.0,0.0,0.0,0.0,0.0,0.0,0.0,0.0
44430,Iran,IRN,,,NAT_TOTAL,2020-01-28,0.0,,0.0,,0.0,,0.0,,0.0,,0.0,,0.0,,0.0,0.0,,0.0,0.0,0.0,0.0,,0.0,0.0,0.0,0.0,0.0,,0.0,,,0,0.0,0,0.0,0.0,0.0,0.0,0.0,0.0,0.0,0.0,0.0,0.0,0.0
44431,Iran,IRN,,,NAT_TOTAL,2020-01-29,0.0,,0.0,,0.0,,0.0,,0.0,,0.0,,0.0,,0.0,0.0,,0.0,0.0,0.0,0.0,,0.0,0.0,0.0,0.0,0.0,,0.0,,,0,0.0,0,0.0,0.0,0.0,0.0,0.0,0.0,0.0,0.0,0.0,0.0,0.0
44432,Iran,IRN,,,NAT_TOTAL,2020-01-30,0.0,,0.0,,0.0,,0.0,,0.0,,0.0,,0.0,,0.0,0.0,,0.0,0.0,0.0,0.0,,0.0,0.0,0.0,0.0,0.0,,0.0,,,0,0.0,0,0.0,0.0,0.0,0.0,0.0,0.0,0.0,0.0,0.0,0.0,0.0
44433,Iran,IRN,,,NAT_TOTAL,2020-01-31,0.0,,0.0,,0.0,,0.0,,0.0,,0.0,,0.0,,0.0,0.0,,0.0,0.0,0.0,0.0,,0.0,0.0,0.0,0.0,0.0,,0.0,,,0,0.0,0,0.0,0.0,0.0,0.0,0.0,0.0,0.0,0.0,0.0,0.0,0.0
44434,Iran,IRN,,,NAT_TOTAL,2020-02-01,0.0,,0.0,,0.0,,0.0,,0.0,,0.0,,0.0,,0.0,0.0,,0.0,0.0,0.0,0.0,,0.0,0.0,0.0,0.0,0.0,,0.0,,,0,0.0,0,0.0,0.0,0.0,0.0,0.0,0.0,0.0,0.0,0.0,0.0,0.0
44435,Iran,IRN,,,NAT_TOTAL,2020-02-02,0.0,,0.0,,0.0,,0.0,,0.0,,0.0,,0.0,,0.0,0.0,,0.0,0.0,0.0,0.0,,0.0,0.0,0.0,0.0,0.0,,0.0,,,0,0.0,0,0.0,0.0,0.0,0.0,0.0,0.0,0.0,0.0,0.0,0.0,0.0
44436,Iran,IRN,,,NAT_TOTAL,2020-02-03,0.0,,0.0,,0.0,,0.0,,0.0,,0.0,,0.0,,0.0,0.0,,0.0,0.0,0.0,0.0,,0.0,0.0,0.0,0.0,0.0,,0.0,,,0,0.0,0,0.0,0.0,0.0,0.0,0.0,0.0,0.0,0.0,0.0,0.0,0.0
44437,Iran,IRN,,,NAT_TOTAL,2020-02-04,0.0,,0.0,,0.0,,0.0,,0.0,,0.0,,0.0,,0.0,0.0,,0.0,0.0,0.0,0.0,,0.0,0.0,0.0,0.0,0.0,,0.0,,,0,0.0,0,0.0,0.0,0.0,0.0,0.0,0.0,0.0,0.0,0.0,0.0,0.0
44438,Iran,IRN,,,NAT_TOTAL,2020-02-05,0.0,,0.0,,0.0,,0.0,,0.0,,0.0,,0.0,,0.0,0.0,,0.0,0.0,0.0,0.0,,0.0,0.0,0.0,0.0,0.0,,0.0,,,0,0.0,0,0.0,0.0,0.0,0.0,0.0,0.0,0.0,0.0,0.0,0.0,0.0
44439,Iran,IRN,,,NAT_TOTAL,2020-02-06,0.0,,0.0,,0.0,,0.0,,0.0,,0.0,,0.0,,0.0,0.0,,0.0,0.0,0.0,0.0,,0.0,0.0,0.0,0.0,0.0,,0.0,,,0,0.0,0,0.0,0.0,0.0,0.0,0.0,0.0,0.0,0.0,0.0,0.0,0.0
44440,Iran,IRN,,,NAT_TOTAL,2020-02-07,0.0,,0.0,,0.0,,0.0,,0.0,,0.0,,0.0,,0.0,0.0,,0.0,0.0,0.0,0.0,,0.0,0.0,0.0,0.0,0.0,,0.0,,,0,0.0,0,0.0,0.0,0.0,0.0,0.0,0.0,0.0,0.0,0.0,0.0,0.0
44441,Iran,IRN,,,NAT_TOTAL,2020-02-08,0.0,,0.0,,0.0,,0.0,,0.0,,0.0,,0.0,,0.0,0.0,,0.0,0.0,0.0,0.0,,0.0,0.0,0.0,0.0,0.0,,0.0,,,0,0.0,0,0.0,0.0,0.0,0.0,0.0,0.0,0.0,0.0,0.0,0.0,0.0
44442,Iran,IRN,,,NAT_TOTAL,2020-02-09,0.0,,0.0,,0.0,,0.0,,0.0,,0.0,,0.0,,0.0,0.0,,0.0,0.0,0.0,0.0,,0.0,0.0,0.0,0.0,0.0,,0.0,,,0,0.0,0,0.0,0.0,0.0,0.0,0.0,0.0,0.0,0.0,0.0,0.0,0.0
44443,Iran,IRN,,,NAT_TOTAL,2020-02-10,0.0,,0.0,,0.0,,0.0,,0.0,,0.0,,0.0,,0.0,0.0,,0.0,0.0,0.0,0.0,,0.0,0.0,0.0,0.0,0.0,,0.0,,,0,0.0,0,0.0,0.0,0.0,0.0,0.0,0.0,0.0,0.0,0.0,0.0,0.0
44444,Iran,IRN,,,NAT_TOTAL,2020-02-11,0.0,,0.0,,0.0,,0.0,,0.0,,0.0,,0.0,,0.0,0.0,,0.0,0.0,0.0,0.0,,0.0,0.0,0.0,0.0,0.0,,0.0,,,0,0.0,0,0.0,0.0,0.0,0.0,0.0,0.0,0.0,0.0,0.0,0.0,0.0
44445,Iran,IRN,,,NAT_TOTAL,2020-02-12,0.0,,0.0,,0.0,,0.0,,0.0,,0.0,,0.0,,0.0,0.0,,0.0,0.0,0.0,0.0,,0.0,0.0,0.0,0.0,0.0,,0.0,,,0,0.0,0,0.0,0.0,0.0,0.0,0.0,0.0,0.0,0.0,0.0,0.0,0.0
44446,Iran,IRN,,,NAT_TOTAL,2020-02-13,0.0,,0.0,,0.0,,0.0,,0.0,,0.0,,0.0,,0.0,0.0,,0.0,0.0,0.0,0.0,,0.0,0.0,0.0,0.0,0.0,,0.0,,,0,0.0,0,0.0,0.0,0.0,0.0,0.0,0.0,0.0,0.0,0.0,0.0,0.0
44447,Iran,IRN,,,NAT_TOTAL,2020-02-14,0.0,,0.0,,0.0,,0.0,,0.0,,0.0,,0.0,,0.0,0.0,,0.0,0.0,0.0,0.0,,0.0,0.0,0.0,0.0,0.0,,0.0,,,0,0.0,0,0.0,0.0,0.0,0.0,0.0,0.0,0.0,0.0,0.0,0.0,0.0
44448,Iran,IRN,,,NAT_TOTAL,2020-02-15,0.0,,0.0,,0.0,,0.0,,0.0,,0.0,,0.0,,0.0,0.0,,0.0,0.0,0.0,0.0,,0.0,0.0,0.0,0.0,0.0,,0.0,,,0,0.0,0,0.0,0.0,0.0,0.0,0.0,0.0,0.0,0.0,0.0,0.0,0.0
44449,Iran,IRN,,,NAT_TOTAL,2020-02-16,0.0,,0.0,,0.0,,0.0,,0.0,,0.0,,0.0,,0.0,0.0,,0.0,0.0,0.0,0.0,,0.0,0.0,0.0,0.0,0.0,,0.0,,,0,0.0,0,0.0,0.0,0.0,0.0,0.0,0.0,0.0,0.0,0.0,0.0,0.0
44450,Iran,IRN,,,NAT_TOTAL,2020-02-17,0.0,,0.0,,0.0,,0.0,,0.0,,0.0,,0.0,,0.0,0.0,,0.0,0.0,0.0,0.0,,0.0,0.0,0.0,0.0,0.0,,0.0,,,0,0.0,0,0.0,0.0,0.0,0.0,0.0,0.0,0.0,0.0,0.0,0.0,0.0
44451,Iran,IRN,,,NAT_TOTAL,2020-02-18,0.0,,0.0,,0.0,,0.0,,0.0,,0.0,,0.0,,0.0,0.0,,0.0,0.0,0.0,0.0,,0.0,0.0,0.0,0.0,0.0,,0.0,,,0,0.0,0,0.0,0.0,0.0,0.0,0.0,0.0,0.0,0.0,0.0,0.0,0.0
44452,Iran,IRN,,,NAT_TOTAL,2020-02-19,0.0,,0.0,,0.0,,0.0,,0.0,,0.0,,0.0,,0.0,0.0,,0.0,0.0,0.0,0.0,,0.0,0.0,0.0,0.0,0.0,,0.0,,,2,2.0,2,2.0,0.0,0.0,0.0,0.0,0.0,0.0,0.0,0.0,0.0,0.0
44453,Iran,IRN,,,NAT_TOTAL,2020-02-20,0.0,,0.0,,1.0,0.0,0.0,,0.0,,0.0,,0.0,,0.0,0.0,,0.0,0.0,0.0,0.0,,0.0,0.0,0.0,0.0,0.0,,0.0,,,3,5.0,0,2.0,2.78,2.78,4.76,4.76,1.67,1.67,1.92,1.92,0.0,0.0
44454,Iran,IRN,,,NAT_TOTAL,2020-02-21,0.0,,0.0,,1.0,0.0,0.0,,0.0,,0.0,,0.0,,0.0,0.0,,0.0,0.0,0.0,0.0,,0.0,0.0,0.0,0.0,0.0,,0.0,,,13,18.0,2,4.0,2.78,2.78,4.76,4.76,1.67,1.67,1.92,1.92,0.0,0.0
44455,Iran,IRN,,,NAT_TOTAL,2020-02-22,0.0,,0.0,,2.0,1.0,0.0,,0.0,,0.0,,0.0,,0.0,0.0,,0.0,0.0,0.0,0.0,,0.0,0.0,0.0,0.0,0.0,,0.0,,,10,28.0,1,5.0,11.11,11.11,14.29,14.29,6.67,6.67,7.69,7.69,0.0,0.0
44456,Iran,IRN,,,NAT_TOTAL,2020-02-23,0.0,,0.0,,2.0,1.0,0.0,,0.0,,0.0,,0.0,,0.0,0.0,,0.0,0.0,0.0,0.0,,0.0,0.0,0.0,0.0,0.0,,0.0,,,15,43.0,3,8.0,11.11,11.11,14.29,14.29,6.67,6.67,7.69,7.69,0.0,0.0
44457,Iran,IRN,,,NAT_TOTAL,2020-02-24,0.0,,0.0,,2.0,1.0,0.0,,0.0,,0.0,,0.0,,0.0,0.0,,0.0,0.0,0.0,0.0,,0.0,0.0,0.0,0.0,0.0,,0.0,,,18,61.0,4,12.0,11.11,11.11,14.29,14.29,6.67,6.67,7.69,7.69,0.0,0.0
44458,Iran,IRN,,,NAT_TOTAL,2020-02-25,0.0,,0.0,,2.0,1.0,0.0,,0.0,,0.0,,0.0,,0.0,0.0,,0.0,0.0,0.0,0.0,,0.0,0.0,0.0,0.0,0.0,,0.0,,,34,95.0,4,16.0,11.11,11.11,14.29,14.29,6.67,6.67,7.69,7.69,0.0,0.0
44459,Iran,IRN,,,NAT_TOTAL,2020-02-26,0.0,,1.0,1.0,2.0,1.0,0.0,,0.0,,0.0,,0.0,,0.0,0.0,,0.0,0.0,0.0,1.0,1.0,0.0,0.0,0.0,0.0,0.0,,0.0,,,44,139.0,3,19.0,20.37,20.37,30.95,30.95,12.22,12.22,14.1,14.1,0.0,0.0
44460,Iran,IRN,,,NAT_TOTAL,2020-02-27,0.0,,1.0,1.0,2.0,1.0,0.0,,0.0,,0.0,,0.0,,0.0,0.0,,0.0,0.0,0.0,1.0,1.0,0.0,0.0,0.0,0.0,0.0,,0.0,,,106,245.0,7,26.0,20.37,20.37,30.95,30.95,12.22,12.22,14.1,14.1,0.0,0.0
44461,Iran,IRN,,,NAT_TOTAL,2020-02-28,0.0,,1.0,1.0,2.0,1.0,0.0,,0.0,,0.0,,0.0,,0.0,0.0,,0.0,0.0,0.0,1.0,1.0,0.0,0.0,0.0,0.0,0.0,,0.0,,,143,388.0,8,34.0,20.37,20.37,30.95,30.95,12.22,12.22,14.1,14.1,0.0,0.0
44462,Iran,IRN,,,NAT_TOTAL,2020-02-29,0.0,,1.0,1.0,2.0,1.0,0.0,,0.0,,0.0,,0.0,,0.0,0.0,,0.0,0.0,0.0,1.0,1.0,0.0,0.0,0.0,0.0,0.0,,0.0,,,205,593.0,9,43.0,20.37,20.37,30.95,30.95,12.22,12.22,14.1,14.1,0.0,0.0
44463,Iran,IRN,,,NAT_TOTAL,2020-03-01,0.0,,1.0,1.0,2.0,1.0,0.0,,0.0,,0.0,,0.0,,0.0,0.0,,0.0,0.0,0.0,1.0,1.0,0.0,0.0,0.0,0.0,0.0,,0.0,,,385,978.0,11,54.0,20.37,20.37,30.95,30.95,12.22,12.22,14.1,14.1,0.0,0.0
44464,Iran,IRN,,,NAT_TOTAL,2020-03-02,0.0,,1.0,1.0,2.0,1.0,0.0,,0.0,,0.0,,0.0,,0.0,0.0,,0.0,0.0,0.0,1.0,1.0,0.0,0.0,0.0,0.0,0.0,,0.0,,,523,1501.0,12,66.0,20.37,20.37,30.95,30.95,12.22,12.22,14.1,14.1,0.0,0.0
44465,Iran,IRN,,,NAT_TOTAL,2020-03-03,0.0,,1.0,1.0,2.0,1.0,0.0,,0.0,,0.0,,0.0,,0.0,0.0,,0.0,0.0,0.0,1.0,1.0,0.0,0.0,0.0,0.0,0.0,,0.0,,,835,2336.0,11,77.0,20.37,20.37,30.95,30.95,12.22,12.22,14.1,14.1,0.0,0.0
44466,Iran,IRN,,,NAT_TOTAL,2020-03-04,0.0,,1.0,1.0,2.0,1.0,0.0,,0.0,,0.0,,0.0,,0.0,0.0,,0.0,0.0,0.0,1.0,1.0,0.0,0.0,0.0,0.0,0.0,,0.0,,,586,2922.0,15,92.0,20.37,20.37,30.95,30.95,12.22,12.22,14.1,14.1,0.0,0.0
44467,Iran,IRN,,,NAT_TOTAL,2020-03-05,3.0,1.0,1.0,1.0,2.0,1.0,0.0,,0.0,,0.0,,2.0,1.0,0.0,0.0,,0.0,0.0,0.0,1.0,1.0,0.0,0.0,0.0,0.0,0.0,,0.0,,,591,3513.0,15,107.0,42.59,42.59,59.52,59.52,25.56,25.56,29.49,29.49,0.0,0.0
44468,Iran,IRN,,,NAT_TOTAL,2020-03-06,3.0,1.0,1.0,1.0,2.0,1.0,0.0,,0.0,,0.0,,2.0,1.0,0.0,0.0,,0.0,0.0,0.0,1.0,1.0,0.0,0.0,0.0,0.0,0.0,,0.0,,,1234,4747.0,17,124.0,42.59,42.59,59.52,59.52,25.56,25.56,29.49,29.49,0.0,0.0
44469,Iran,IRN,,,NAT_TOTAL,2020-03-07,3.0,1.0,1.0,1.0,2.0,1.0,0.0,,0.0,,0.0,,2.0,1.0,0.0,0.0,,0.0,0.0,0.0,1.0,1.0,0.0,0.0,0.0,0.0,0.0,,0.0,,,1076,5823.0,21,145.0,42.59,42.59,59.52,59.52,25.56,25.56,29.49,29.49,0.0,0.0
44470,Iran,IRN,,,NAT_TOTAL,2020-03-08,3.0,1.0,1.0,1.0,2.0,1.0,0.0,,0.0,,0.0,,2.0,1.0,0.0,0.0,,0.0,0.0,0.0,1.0,1.0,0.0,0.0,0.0,0.0,0.0,,0.0,,,743,6566.0,49,194.0,42.59,42.59,59.52,59.52,25.56,25.56,29.49,29.49,0.0,0.0
44471,Iran,IRN,,,NAT_TOTAL,2020-03-09,3.0,1.0,1.0,1.0,2.0,1.0,0.0,,0.0,,0.0,,2.0,1.0,0.0,0.0,,0.0,0.0,0.0,1.0,1.0,0.0,0.0,0.0,0.0,0.0,,0.0,,,595,7161.0,43,237.0,42.59,42.59,59.52,59.52,25.56,25.56,29.49,29.49,0.0,0.0
44472,Iran,IRN,,,NAT_TOTAL,2020-03-10,3.0,1.0,1.0,1.0,2.0,1.0,0.0,,0.0,,0.0,,2.0,1.0,0.0,0.0,,0.0,0.0,0.0,1.0,1.0,0.0,0.0,0.0,0.0,0.0,,0.0,,,881,8042.0,54,291.0,42.59,42.59,59.52,59.52,25.56,25.56,29.49,29.49,0.0,0.0
44473,Iran,IRN,,,NAT_TOTAL,2020-03-11,3.0,1.0,1.0,1.0,2.0,1.0,0.0,,1.0,1.0,0.0,,2.0,1.0,0.0,0.0,,0.0,0.0,0.0,1.0,1.0,0.0,0.0,0.0,0.0,0.0,,0.0,,,958,9000.0,63,354.0,48.15,48.15,69.05,69.05,28.89,28.89,33.33,33.33,0.0,0.0
44474,Iran,IRN,,,NAT_TOTAL,2020-03-12,3.0,1.0,1.0,1.0,2.0,1.0,0.0,,1.0,1.0,0.0,,2.0,1.0,0.0,0.0,,0.0,0.0,0.0,1.0,1.0,0.0,0.0,0.0,0.0,0.0,,0.0,,,1075,10075.0,75,429.0,48.15,48.15,69.05,69.05,28.89,28.89,33.33,33.33,0.0,0.0
44475,Iran,IRN,,,NAT_TOTAL,2020-03-13,3.0,1.0,1.0,1.0,2.0,1.0,0.0,,1.0,1.0,0.0,,2.0,1.0,0.0,0.0,,0.0,0.0,0.0,1.0,1.0,0.0,0.0,0.0,0.0,0.0,,0.0,,,1289,11364.0,85,514.0,48.15,48.15,69.05,69.05,28.89,28.89,33.33,33.33,0.0,0.0
44476,Iran,IRN,,,NAT_TOTAL,2020-03-14,3.0,1.0,1.0,1.0,2.0,1.0,0.0,,1.0,1.0,0.0,,2.0,1.0,0.0,0.0,,0.0,0.0,0.0,1.0,1.0,0.0,0.0,0.0,0.0,0.0,,0.0,,,1365,12729.0,97,611.0,48.15,48.15,69.05,69.05,28.89,28.89,33.33,33.33,0.0,0.0
44477,Iran,IRN,,,NAT_TOTAL,2020-03-15,3.0,1.0,1.0,1.0,2.0,1.0,0.0,,1.0,1.0,0.0,,2.0,1.0,0.0,0.0,,2.0,0.0,0.0,1.0,1.0,0.0,0.0,0.0,0.0,0.0,,0.0,,,1209,13938.0,113,724.0,48.15,48.15,69.05,69.05,35.56,35.56,33.33,33.33,50.0,50.0
44478,Iran,IRN,,,NAT_TOTAL,2020-03-16,3.0,1.0,1.0,1.0,2.0,1.0,0.0,,1.0,1.0,0.0,,2.0,1.0,0.0,0.0,,2.0,0.0,0.0,1.0,1.0,0.0,0.0,0.0,0.0,0.0,,0.0,,,1053,14991.0,129,853.0,48.15,48.15,69.05,69.05,35.56,35.56,33.33,33.33,50.0,50.0
44479,Iran,IRN,,,NAT_TOTAL,2020-03-17,3.0,1.0,1.0,1.0,2.0,1.0,0.0,,1.0,1.0,0.0,,2.0,1.0,0.0,0.0,,2.0,0.0,0.0,1.0,1.0,0.0,0.0,0.0,0.0,0.0,,0.0,,,1178,16169.0,135,988.0,48.15,48.15,69.05,69.05,35.56,35.56,33.33,33.33,50.0,50.0
44480,Iran,IRN,,,NAT_TOTAL,2020-03-18,3.0,1.0,1.0,1.0,2.0,1.0,0.0,,1.0,1.0,0.0,,2.0,1.0,0.0,0.0,,2.0,0.0,0.0,1.0,1.0,0.0,0.0,0.0,0.0,0.0,,0.0,,,1192,17361.0,147,1135.0,48.15,48.15,69.05,69.05,35.56,35.56,33.33,33.33,50.0,50.0
44481,Iran,IRN,,,NAT_TOTAL,2020-03-19,3.0,1.0,1.0,1.0,2.0,1.0,0.0,,1.0,1.0,1.0,1.0,2.0,1.0,0.0,0.0,,2.0,0.0,0.0,1.0,1.0,0.0,0.0,0.0,0.0,0.0,,0.0,,,1046,18407.0,149,1284.0,51.85,51.85,69.05,69.05,37.78,37.78,35.9,35.9,50.0,50.0
44482,Iran,IRN,,,NAT_TOTAL,2020-03-20,3.0,1.0,1.0,1.0,2.0,1.0,0.0,,1.0,1.0,1.0,1.0,2.0,1.0,0.0,0.0,,2.0,0.0,0.0,1.0,1.0,0.0,0.0,0.0,0.0,0.0,,0.0,,,1237,19644.0,149,1433.0,51.85,51.85,69.05,69.05,37.78,37.78,35.9,35.9,50.0,50.0
44483,Iran,IRN,,,NAT_TOTAL,2020-03-21,3.0,1.0,1.0,1.0,2.0,1.0,0.0,,1.0,1.0,1.0,1.0,2.0,1.0,0.0,0.0,,2.0,0.0,0.0,1.0,1.0,0.0,0.0,0.0,0.0,0.0,,0.0,,,966,20610.0,123,1556.0,51.85,51.85,69.05,69.05,37.78,37.78,35.9,35.9,50.0,50.0
44484,Iran,IRN,,,NAT_TOTAL,2020-03-22,3.0,1.0,3.0,0.0,2.0,1.0,0.0,,1.0,1.0,1.0,1.0,2.0,1.0,0.0,0.0,,2.0,0.0,0.0,1.0,1.0,0.0,0.0,0.0,0.0,0.0,,0.0,,,1028,21638.0,129,1685.0,57.41,57.41,72.62,72.62,41.11,41.11,39.74,39.74,50.0,50.0
44485,Iran,IRN,,,NAT_TOTAL,2020-03-23,3.0,1.0,3.0,0.0,2.0,1.0,0.0,,1.0,1.0,1.0,1.0,2.0,1.0,0.0,0.0,,2.0,0.0,0.0,1.0,1.0,0.0,0.0,0.0,0.0,0.0,,0.0,,,1411,23049.0,127,1812.0,57.41,57.41,72.62,72.62,41.11,41.11,39.74,39.74,50.0,50.0
44486,Iran,IRN,,,NAT_TOTAL,2020-03-24,3.0,1.0,3.0,0.0,2.0,1.0,0.0,,1.0,1.0,1.0,1.0,2.0,1.0,0.0,0.0,,2.0,0.0,0.0,1.0,1.0,0.0,0.0,0.0,0.0,0.0,,0.0,,,1762,24811.0,122,1934.0,57.41,57.41,72.62,72.62,41.11,41.11,39.74,39.74,50.0,50.0
44487,Iran,IRN,,,NAT_TOTAL,2020-03-25,3.0,1.0,3.0,0.0,2.0,1.0,0.0,,1.0,1.0,1.0,1.0,2.0,1.0,0.0,0.0,,2.0,0.0,0.0,1.0,1.0,0.0,0.0,0.0,0.0,0.0,,0.0,,,2206,27017.0,143,2077.0,57.41,57.41,72.62,72.62,41.11,41.11,39.74,39.74,50.0,50.0
44488,Iran,IRN,,,NAT_TOTAL,2020-03-26,3.0,1.0,3.0,0.0,2.0,1.0,0.0,,1.0,1.0,1.0,1.0,2.0,1.0,0.0,0.0,,2.0,0.0,0.0,1.0,1.0,0.0,0.0,0.0,0.0,0.0,,0.0,,,2389,29406.0,157,2234.0,57.41,57.41,72.62,72.62,41.11,41.11,39.74,39.74,50.0,50.0
44489,Iran,IRN,,,NAT_TOTAL,2020-03-27,3.0,1.0,3.0,0.0,2.0,1.0,0.0,,1.0,1.0,1.0,1.0,2.0,1.0,0.0,0.0,,2.0,0.0,0.0,1.0,1.0,0.0,0.0,0.0,0.0,0.0,,0.0,,,2926,32332.0,144,2378.0,57.41,57.41,72.62,72.62,41.11,41.11,39.74,39.74,50.0,50.0
44490,Iran,IRN,,,NAT_TOTAL,2020-03-28,3.0,1.0,3.0,0.0,2.0,1.0,0.0,,1.0,1.0,1.0,1.0,2.0,1.0,0.0,0.0,,2.0,23868898736.0,0.0,1.0,1.0,0.0,0.0,0.0,0.0,0.0,,0.0,,,3076,35408.0,139,2517.0,57.41,57.41,72.62,72.62,41.11,41.11,39.74,39.74,50.0,50.0
44491,Iran,IRN,,,NAT_TOTAL,2020-03-29,3.0,1.0,3.0,0.0,2.0,1.0,0.0,,1.0,1.0,1.0,1.0,2.0,1.0,0.0,0.0,,2.0,0.0,0.0,1.0,1.0,0.0,0.0,0.0,0.0,0.0,,0.0,,,2901,38309.0,123,2640.0,57.41,57.41,72.62,72.62,41.11,41.11,39.74,39.74,50.0,50.0
44492,Iran,IRN,,,NAT_TOTAL,2020-03-30,3.0,1.0,3.0,0.0,2.0,1.0,0.0,,1.0,1.0,1.0,1.0,2.0,1.0,0.0,0.0,,2.0,0.0,0.0,1.0,1.0,0.0,0.0,0.0,0.0,0.0,,0.0,,,3186,41495.0,117,2757.0,57.41,57.41,72.62,72.62,41.11,41.11,39.74,39.74,50.0,50.0
44493,Iran,IRN,,,NAT_TOTAL,2020-03-31,3.0,1.0,3.0,0.0,2.0,1.0,0.0,,1.0,1.0,1.0,1.0,2.0,1.0,0.0,0.0,,2.0,0.0,0.0,1.0,1.0,0.0,0.0,0.0,0.0,0.0,,0.0,,,3110,44605.0,141,2898.0,57.41,57.41,72.62,72.62,41.11,41.11,39.74,39.74,50.0,50.0
44494,Iran,IRN,,,NAT_TOTAL,2020-04-01,3.0,1.0,3.0,0.0,2.0,1.0,0.0,,1.0,1.0,1.0,1.0,2.0,1.0,0.0,0.0,,2.0,0.0,0.0,1.0,1.0,0.0,0.0,0.0,0.0,0.0,,0.0,,,2988,47593.0,138,3036.0,57.41,57.41,72.62,72.62,41.11,41.11,39.74,39.74,50.0,50.0
44495,Iran,IRN,,,NAT_TOTAL,2020-04-02,3.0,1.0,3.0,0.0,2.0,1.0,0.0,,1.0,1.0,1.0,1.0,2.0,1.0,0.0,0.0,,2.0,0.0,0.0,1.0,1.0,0.0,0.0,0.0,0.0,0.0,,0.0,,,2875,50468.0,124,3160.0,57.41,57.41,72.62,72.62,41.11,41.11,39.74,39.74,50.0,50.0
44496,Iran,IRN,,,NAT_TOTAL,2020-04-03,3.0,1.0,3.0,0.0,2.0,1.0,0.0,,1.0,1.0,1.0,1.0,2.0,1.0,0.0,0.0,,2.0,0.0,0.0,1.0,1.0,0.0,0.0,0.0,0.0,0.0,,0.0,,,2715,53183.0,134,3294.0,57.41,57.41,72.62,72.62,41.11,41.11,39.74,39.74,50.0,50.0
44497,Iran,IRN,,,NAT_TOTAL,2020-04-04,3.0,1.0,3.0,0.0,2.0,1.0,0.0,,1.0,1.0,1.0,1.0,2.0,1.0,0.0,0.0,,2.0,0.0,0.0,1.0,1.0,0.0,0.0,0.0,0.0,0.0,,0.0,,,2560,55743.0,158,3452.0,57.41,57.41,72.62,72.62,41.11,41.11,39.74,39.74,50.0,50.0
44498,Iran,IRN,,,NAT_TOTAL,2020-04-05,3.0,1.0,3.0,1.0,2.0,1.0,0.0,,1.0,1.0,1.0,1.0,2.0,1.0,0.0,0.0,,2.0,0.0,0.0,1.0,1.0,0.0,0.0,0.0,0.0,0.0,,0.0,,,2483,58226.0,151,3603.0,59.26,59.26,76.19,76.19,42.22,42.22,41.03,41.03,50.0,50.0
44499,Iran,IRN,,,NAT_TOTAL,2020-04-06,3.0,1.0,3.0,1.0,2.0,1.0,0.0,,1.0,1.0,1.0,1.0,2.0,1.0,0.0,0.0,,2.0,1100000000.0,0.0,1.0,1.0,0.0,0.0,0.0,0.0,0.0,,0.0,,,2274,60500.0,136,3739.0,59.26,59.26,76.19,76.19,42.22,42.22,41.03,41.03,50.0,50.0
44500,Iran,IRN,,,NAT_TOTAL,2020-04-07,3.0,1.0,3.0,1.0,2.0,1.0,0.0,,1.0,1.0,1.0,1.0,2.0,1.0,0.0,1.0,0.0,2.0,0.0,0.0,1.0,1.0,0.0,0.0,0.0,0.0,0.0,,0.0,,,2089,62589.0,133,3872.0,59.26,59.26,76.19,76.19,43.89,43.89,41.03,41.03,62.5,62.5
44501,Iran,IRN,,,NAT_TOTAL,2020-04-08,3.0,1.0,3.0,1.0,2.0,1.0,0.0,,1.0,1.0,1.0,1.0,2.0,1.0,0.0,1.0,0.0,2.0,0.0,0.0,1.0,1.0,0.0,0.0,0.0,0.0,0.0,,0.0,,,1997,64586.0,121,3993.0,59.26,59.26,76.19,76.19,43.89,43.89,41.03,41.03,62.5,62.5
44502,Iran,IRN,,,NAT_TOTAL,2020-04-09,3.0,1.0,3.0,1.0,2.0,1.0,0.0,,1.0,1.0,1.0,1.0,2.0,1.0,0.0,1.0,0.0,2.0,0.0,0.0,1.0,1.0,0.0,0.0,0.0,0.0,0.0,,0.0,,,1634,66220.0,117,4110.0,59.26,59.26,76.19,76.19,43.89,43.89,41.03,41.03,62.5,62.5
44503,Iran,IRN,,,NAT_TOTAL,2020-04-10,3.0,1.0,3.0,1.0,2.0,1.0,0.0,,1.0,1.0,1.0,1.0,2.0,1.0,0.0,1.0,0.0,2.0,0.0,0.0,1.0,1.0,0.0,0.0,0.0,0.0,0.0,,0.0,,,1972,68192.0,122,4232.0,59.26,59.26,76.19,76.19,43.89,43.89,41.03,41.03,62.5,62.5
44504,Iran,IRN,,,NAT_TOTAL,2020-04-11,3.0,1.0,2.0,0.0,2.0,1.0,0.0,,1.0,1.0,1.0,1.0,2.0,0.0,0.0,1.0,0.0,2.0,0.0,0.0,1.0,1.0,0.0,0.0,0.0,0.0,0.0,,0.0,,,1837,70029.0,125,4357.0,50.93,50.93,64.29,64.29,38.89,38.89,35.26,35.26,62.5,62.5
44505,Iran,IRN,,,NAT_TOTAL,2020-04-12,3.0,1.0,2.0,0.0,2.0,1.0,0.0,,1.0,1.0,1.0,1.0,2.0,0.0,0.0,1.0,0.0,2.0,0.0,0.0,1.0,1.0,0.0,0.0,0.0,0.0,0.0,,0.0,,,1657,71686.0,117,4474.0,50.93,50.93,64.29,64.29,38.89,38.89,35.26,35.26,62.5,62.5
44506,Iran,IRN,,,NAT_TOTAL,2020-04-13,3.0,1.0,2.0,0.0,2.0,1.0,0.0,,1.0,1.0,1.0,1.0,2.0,0.0,0.0,1.0,0.0,2.0,0.0,0.0,1.0,1.0,0.0,0.0,0.0,0.0,0.0,,0.0,,,1617,73303.0,111,4585.0,50.93,50.93,64.29,64.29,38.89,38.89,35.26,35.26,62.5,62.5
44507,Iran,IRN,,,NAT_TOTAL,2020-04-14,3.0,1.0,2.0,0.0,2.0,1.0,0.0,,1.0,1.0,1.0,1.0,2.0,0.0,0.0,1.0,0.0,2.0,0.0,0.0,1.0,1.0,0.0,0.0,0.0,0.0,0.0,,0.0,,,1574,74877.0,98,4683.0,50.93,50.93,64.29,64.29,38.89,38.89,35.26,35.26,62.5,62.5
44508,Iran,IRN,,,NAT_TOTAL,2020-04-15,3.0,1.0,2.0,0.0,2.0,1.0,0.0,,1.0,1.0,1.0,1.0,2.0,0.0,0.0,1.0,0.0,2.0,0.0,0.0,1.0,1.0,0.0,0.0,0.0,0.0,0.0,,0.0,,,1512,76389.0,94,4777.0,50.93,50.93,64.29,64.29,38.89,38.89,35.26,35.26,62.5,62.5
44509,Iran,IRN,,,NAT_TOTAL,2020-04-16,3.0,1.0,2.0,0.0,2.0,1.0,0.0,,1.0,1.0,1.0,1.0,2.0,0.0,0.0,1.0,0.0,2.0,0.0,0.0,1.0,1.0,0.0,0.0,0.0,0.0,0.0,,0.0,,,1606,77995.0,92,4869.0,50.93,50.93,64.29,64.29,38.89,38.89,35.26,35.26,62.5,62.5
44510,Iran,IRN,,,NAT_TOTAL,2020-04-17,3.0,1.0,2.0,0.0,2.0,1.0,0.0,,1.0,1.0,1.0,1.0,2.0,0.0,0.0,1.0,0.0,2.0,0.0,0.0,1.0,1.0,0.0,0.0,0.0,0.0,0.0,,0.0,,,1499,79494.0,89,4958.0,50.93,50.93,64.29,64.29,38.89,38.89,35.26,35.26,62.5,62.5
44511,Iran,IRN,,,NAT_TOTAL,2020-04-18,3.0,1.0,2.0,0.0,2.0,1.0,0.0,,1.0,1.0,1.0,1.0,2.0,0.0,0.0,1.0,0.0,2.0,0.0,0.0,1.0,1.0,0.0,0.0,0.0,,0.0,,0.0,,,1374,80868.0,73,5031.0,50.93,50.93,64.29,64.29,38.89,38.89,35.26,35.26,62.5,62.5
44512,Iran,IRN,,,NAT_TOTAL,2020-04-19,3.0,1.0,2.0,0.0,2.0,1.0,1.0,1.0,1.0,1.0,1.0,1.0,2.0,0.0,0.0,1.0,0.0,2.0,0.0,0.0,1.0,1.0,0.0,0.0,0.0,0.0,0.0,,0.0,,,1343,82211.0,87,5118.0,53.7,53.7,64.29,64.29,40.56,40.56,37.18,37.18,62.5,62.5
44513,Iran,IRN,,,NAT_TOTAL,2020-04-20,3.0,1.0,2.0,0.0,2.0,1.0,1.0,1.0,1.0,1.0,1.0,1.0,2.0,0.0,0.0,1.0,0.0,2.0,0.0,0.0,1.0,1.0,0.0,0.0,0.0,0.0,0.0,,0.0,,,1294,83505.0,91,5209.0,53.7,53.7,64.29,64.29,40.56,40.56,37.18,37.18,62.5,62.5
44514,Iran,IRN,,,NAT_TOTAL,2020-04-21,3.0,1.0,2.0,0.0,2.0,1.0,1.0,1.0,1.0,1.0,1.0,1.0,2.0,0.0,0.0,1.0,0.0,2.0,0.0,0.0,1.0,1.0,0.0,0.0,0.0,0.0,0.0,,0.0,,,1297,84802.0,88,5297.0,53.7,53.7,64.29,64.29,40.56,40.56,37.18,37.18,62.5,62.5
44515,Iran,IRN,,,NAT_TOTAL,2020-04-22,3.0,1.0,2.0,0.0,2.0,1.0,1.0,1.0,1.0,1.0,1.0,1.0,2.0,0.0,0.0,1.0,0.0,2.0,0.0,0.0,1.0,1.0,0.0,0.0,0.0,0.0,0.0,,0.0,,,1194,85996.0,94,5391.0,53.7,53.7,64.29,64.29,40.56,40.56,37.18,37.18,62.5,62.5
44516,Iran,IRN,,,NAT_TOTAL,2020-04-23,3.0,1.0,2.0,0.0,2.0,1.0,1.0,1.0,1.0,1.0,1.0,1.0,2.0,0.0,0.0,1.0,0.0,2.0,0.0,0.0,1.0,1.0,0.0,0.0,0.0,0.0,0.0,,0.0,,,1030,87026.0,90,5481.0,53.7,53.7,64.29,64.29,40.56,40.56,37.18,37.18,62.5,62.5
44517,Iran,IRN,,,NAT_TOTAL,2020-04-24,3.0,1.0,2.0,0.0,2.0,1.0,1.0,1.0,1.0,1.0,1.0,1.0,2.0,0.0,0.0,1.0,0.0,2.0,0.0,0.0,1.0,1.0,0.0,0.0,0.0,0.0,0.0,,0.0,,,1168,88194.0,93,5574.0,53.7,53.7,64.29,64.29,40.56,40.56,37.18,37.18,62.5,62.5
44518,Iran,IRN,,,NAT_TOTAL,2020-04-25,3.0,1.0,2.0,0.0,2.0,1.0,1.0,1.0,1.0,1.0,1.0,1.0,2.0,0.0,0.0,1.0,0.0,2.0,0.0,0.0,1.0,1.0,0.0,0.0,0.0,0.0,0.0,,0.0,,,1134,89328.0,76,5650.0,53.7,53.7,64.29,64.29,40.56,40.56,37.18,37.18,62.5,62.5
44519,Iran,IRN,,,NAT_TOTAL,2020-04-26,3.0,1.0,2.0,0.0,2.0,1.0,1.0,1.0,1.0,1.0,1.0,1.0,2.0,0.0,0.0,1.0,0.0,2.0,0.0,0.0,1.0,1.0,0.0,0.0,0.0,0.0,0.0,,0.0,,,1153,90481.0,60,5710.0,53.7,53.7,64.29,64.29,40.56,40.56,37.18,37.18,62.5,62.5
44520,Iran,IRN,,,NAT_TOTAL,2020-04-27,3.0,1.0,2.0,0.0,2.0,1.0,1.0,1.0,1.0,1.0,1.0,1.0,2.0,0.0,0.0,1.0,0.0,2.0,0.0,0.0,1.0,1.0,0.0,0.0,0.0,0.0,0.0,,0.0,,,991,91472.0,96,5806.0,53.7,53.7,64.29,64.29,40.56,40.56,37.18,37.18,62.5,62.5
44521,Iran,IRN,,,NAT_TOTAL,2020-04-28,3.0,1.0,2.0,0.0,2.0,1.0,1.0,1.0,1.0,1.0,1.0,1.0,2.0,0.0,0.0,1.0,0.0,2.0,0.0,0.0,1.0,1.0,0.0,0.0,0.0,0.0,0.0,,0.0,,,1112,92584.0,71,5877.0,53.7,53.7,64.29,64.29,40.56,40.56,37.18,37.18,62.5,62.5
44522,Iran,IRN,,,NAT_TOTAL,2020-04-29,3.0,1.0,2.0,0.0,2.0,1.0,1.0,1.0,1.0,1.0,1.0,1.0,2.0,0.0,0.0,1.0,0.0,2.0,0.0,0.0,1.0,1.0,0.0,0.0,0.0,0.0,0.0,,0.0,,,1073,93657.0,80,5957.0,53.7,53.7,64.29,64.29,40.56,40.56,37.18,37.18,62.5,62.5
44523,Iran,IRN,,,NAT_TOTAL,2020-04-30,3.0,1.0,2.0,0.0,2.0,1.0,1.0,1.0,1.0,1.0,1.0,1.0,2.0,0.0,0.0,1.0,0.0,2.0,0.0,0.0,1.0,1.0,0.0,0.0,0.0,0.0,0.0,,0.0,,,983,94640.0,71,6028.0,53.7,53.7,64.29,64.29,40.56,40.56,37.18,37.18,62.5,62.5
44524,Iran,IRN,,,NAT_TOTAL,2020-05-01,3.0,1.0,2.0,0.0,2.0,1.0,1.0,1.0,1.0,1.0,1.0,1.0,2.0,0.0,0.0,1.0,0.0,2.0,0.0,0.0,1.0,1.0,0.0,0.0,0.0,0.0,0.0,,0.0,,,1006,95646.0,63,6091.0,53.7,53.7,64.29,64.29,40.56,40.56,37.18,37.18,62.5,62.5
44525,Iran,IRN,,,NAT_TOTAL,2020-05-02,3.0,1.0,2.0,0.0,2.0,1.0,1.0,1.0,1.0,1.0,1.0,1.0,2.0,0.0,0.0,1.0,0.0,2.0,0.0,0.0,1.0,1.0,0.0,0.0,0.0,0.0,0.0,,0.0,,,802,96448.0,65,6156.0,53.7,53.7,64.29,64.29,40.56,40.56,37.18,37.18,62.5,62.5
44526,Iran,IRN,,,NAT_TOTAL,2020-05-03,3.0,1.0,2.0,0.0,2.0,1.0,1.0,1.0,1.0,1.0,1.0,1.0,2.0,0.0,0.0,1.0,0.0,2.0,0.0,0.0,1.0,1.0,0.0,0.0,0.0,0.0,0.0,,0.0,,,976,97424.0,47,6203.0,53.7,53.7,64.29,64.29,40.56,40.56,37.18,37.18,62.5,62.5
44527,Iran,IRN,,,NAT_TOTAL,2020-05-04,3.0,1.0,2.0,0.0,2.0,1.0,1.0,1.0,1.0,1.0,1.0,1.0,2.0,0.0,0.0,1.0,0.0,2.0,0.0,0.0,1.0,1.0,0.0,0.0,0.0,0.0,0.0,,0.0,,,1223,98647.0,74,6277.0,53.7,53.7,64.29,64.29,40.56,40.56,37.18,37.18,62.5,62.5
44528,Iran,IRN,,,NAT_TOTAL,2020-05-05,3.0,1.0,2.0,0.0,2.0,1.0,1.0,1.0,1.0,1.0,1.0,1.0,2.0,0.0,0.0,1.0,0.0,2.0,0.0,0.0,1.0,1.0,0.0,0.0,0.0,0.0,0.0,,0.0,,,1323,99970.0,63,6340.0,53.7,53.7,64.29,64.29,40.56,40.56,37.18,37.18,62.5,62.5
44529,Iran,IRN,,,NAT_TOTAL,2020-05-06,3.0,1.0,2.0,0.0,2.0,1.0,1.0,1.0,1.0,1.0,1.0,1.0,2.0,0.0,0.0,1.0,0.0,2.0,0.0,0.0,1.0,1.0,0.0,0.0,0.0,0.0,0.0,,0.0,,,1680,101650.0,78,6418.0,53.7,53.7,64.29,64.29,40.56,40.56,37.18,37.18,62.5,62.5
44530,Iran,IRN,,,NAT_TOTAL,2020-05-07,3.0,1.0,2.0,0.0,2.0,1.0,1.0,1.0,1.0,1.0,1.0,1.0,2.0,0.0,0.0,1.0,0.0,2.0,0.0,0.0,1.0,1.0,0.0,0.0,0.0,0.0,0.0,,0.0,,,1485,103135.0,68,6486.0,53.7,53.7,64.29,64.29,40.56,40.56,37.18,37.18,62.5,62.5
44531,Iran,IRN,,,NAT_TOTAL,2020-05-08,3.0,1.0,2.0,0.0,2.0,1.0,1.0,1.0,1.0,1.0,1.0,1.0,2.0,0.0,0.0,1.0,0.0,2.0,0.0,0.0,1.0,1.0,0.0,0.0,0.0,0.0,0.0,,0.0,,,1556,104691.0,55,6541.0,53.7,53.7,64.29,64.29,40.56,40.56,37.18,37.18,62.5,62.5
44532,Iran,IRN,,,NAT_TOTAL,2020-05-09,3.0,1.0,2.0,0.0,2.0,0.0,1.0,1.0,1.0,1.0,1.0,1.0,2.0,0.0,0.0,1.0,0.0,2.0,0.0,0.0,1.0,1.0,0.0,0.0,0.0,0.0,0.0,,0.0,,,1529,106220.0,48,6589.0,50.93,50.93,59.52,59.52,38.89,38.89,35.26,35.26,62.5,62.5
44533,Iran,IRN,,,NAT_TOTAL,2020-05-10,3.0,1.0,2.0,0.0,2.0,0.0,1.0,1.0,1.0,1.0,1.0,1.0,2.0,0.0,0.0,1.0,0.0,2.0,0.0,0.0,1.0,1.0,0.0,0.0,0.0,0.0,0.0,,0.0,,,1383,107603.0,51,6640.0,50.93,50.93,59.52,59.52,38.89,38.89,35.26,35.26,62.5,62.5
44534,Iran,IRN,,,NAT_TOTAL,2020-05-11,3.0,1.0,2.0,0.0,2.0,0.0,1.0,1.0,1.0,1.0,1.0,1.0,2.0,0.0,0.0,1.0,0.0,2.0,0.0,0.0,1.0,1.0,0.0,0.0,0.0,0.0,0.0,,0.0,,,1683,109286.0,45,6685.0,50.93,50.93,59.52,59.52,38.89,38.89,35.26,35.26,62.5,62.5
44535,Iran,IRN,,,NAT_TOTAL,2020-05-12,3.0,1.0,2.0,0.0,2.0,0.0,1.0,1.0,1.0,1.0,1.0,1.0,2.0,0.0,0.0,1.0,0.0,2.0,0.0,0.0,1.0,1.0,0.0,0.0,0.0,0.0,0.0,,0.0,,,1481,110767.0,48,6733.0,50.93,50.93,59.52,59.52,38.89,38.89,35.26,35.26,62.5,62.5
44536,Iran,IRN,,,NAT_TOTAL,2020-05-13,3.0,1.0,2.0,0.0,2.0,0.0,1.0,1.0,1.0,1.0,1.0,1.0,2.0,0.0,0.0,1.0,0.0,2.0,0.0,0.0,1.0,1.0,0.0,0.0,0.0,0.0,0.0,,0.0,,,1958,112725.0,50,6783.0,50.93,50.93,59.52,59.52,38.89,38.89,35.26,35.26,62.5,62.5
44537,Iran,IRN,,,NAT_TOTAL,2020-05-14,3.0,1.0,2.0,0.0,2.0,0.0,1.0,1.0,1.0,1.0,1.0,1.0,2.0,0.0,0.0,1.0,0.0,2.0,0.0,0.0,1.0,1.0,0.0,0.0,0.0,0.0,0.0,,0.0,,,1808,114533.0,71,6854.0,50.93,50.93,59.52,59.52,38.89,38.89,35.26,35.26,62.5,62.5
44538,Iran,IRN,,,NAT_TOTAL,2020-05-15,3.0,1.0,2.0,0.0,2.0,0.0,1.0,1.0,1.0,1.0,1.0,1.0,2.0,0.0,0.0,1.0,0.0,2.0,0.0,0.0,1.0,1.0,0.0,0.0,0.0,0.0,0.0,,0.0,,,2102,116635.0,48,6902.0,50.93,50.93,59.52,59.52,38.89,38.89,35.26,35.26,62.5,62.5
44539,Iran,IRN,,,NAT_TOTAL,2020-05-16,2.0,0.0,2.0,0.0,2.0,0.0,1.0,1.0,1.0,1.0,1.0,1.0,2.0,0.0,0.0,1.0,0.0,2.0,0.0,0.0,1.0,1.0,0.0,0.0,0.0,0.0,0.0,,0.0,,,1757,118392.0,35,6937.0,45.37,45.37,52.38,52.38,35.56,35.56,31.41,31.41,62.5,62.5
44540,Iran,IRN,,,NAT_TOTAL,2020-05-17,2.0,0.0,2.0,0.0,2.0,0.0,1.0,1.0,1.0,1.0,1.0,1.0,2.0,0.0,0.0,1.0,0.0,2.0,0.0,0.0,1.0,1.0,2.0,2.0,0.0,0.0,0.0,,0.0,,,1806,120198.0,51,6988.0,45.37,45.37,52.38,52.38,46.67,46.67,44.23,44.23,62.5,62.5
44541,Iran,IRN,,,NAT_TOTAL,2020-05-18,2.0,0.0,2.0,0.0,2.0,0.0,1.0,1.0,1.0,1.0,1.0,1.0,2.0,0.0,0.0,1.0,0.0,2.0,0.0,0.0,1.0,1.0,2.0,2.0,0.0,0.0,0.0,,0.0,,,2294,122492.0,69,7057.0,45.37,45.37,52.38,52.38,46.67,46.67,44.23,44.23,62.5,62.5
44542,Iran,IRN,,,NAT_TOTAL,2020-05-19,2.0,0.0,2.0,0.0,2.0,0.0,1.0,1.0,1.0,1.0,1.0,1.0,2.0,0.0,0.0,1.0,0.0,2.0,0.0,0.0,1.0,1.0,2.0,2.0,0.0,0.0,0.0,,0.0,,,2111,124603.0,62,7119.0,45.37,45.37,52.38,52.38,46.67,46.67,44.23,44.23,62.5,62.5
44543,Iran,IRN,,,NAT_TOTAL,2020-05-20,2.0,0.0,2.0,0.0,2.0,0.0,1.0,1.0,1.0,1.0,1.0,1.0,2.0,0.0,0.0,1.0,0.0,2.0,0.0,0.0,1.0,1.0,2.0,2.0,0.0,0.0,0.0,,0.0,,,2346,126949.0,64,7183.0,45.37,45.37,52.38,52.38,46.67,46.67,44.23,44.23,62.5,62.5
44544,Iran,IRN,,,NAT_TOTAL,2020-05-21,2.0,0.0,2.0,0.0,2.0,0.0,1.0,1.0,1.0,1.0,1.0,1.0,2.0,0.0,0.0,1.0,0.0,2.0,0.0,0.0,1.0,1.0,2.0,2.0,0.0,0.0,0.0,,0.0,,,2392,129341.0,66,7249.0,45.37,45.37,52.38,52.38,46.67,46.67,44.23,44.23,62.5,62.5
44545,Iran,IRN,,,NAT_TOTAL,2020-05-22,2.0,0.0,2.0,0.0,2.0,0.0,1.0,1.0,1.0,1.0,1.0,1.0,2.0,0.0,0.0,1.0,0.0,2.0,0.0,0.0,1.0,1.0,2.0,2.0,0.0,0.0,0.0,,0.0,,,2311,131652.0,51,7300.0,45.37,45.37,52.38,52.38,46.67,46.67,44.23,44.23,62.5,62.5
44546,Iran,IRN,,,NAT_TOTAL,2020-05-23,2.0,0.0,2.0,0.0,2.0,0.0,1.0,1.0,1.0,1.0,1.0,1.0,2.0,0.0,0.0,1.0,0.0,2.0,0.0,0.0,1.0,1.0,2.0,2.0,0.0,0.0,0.0,,0.0,,,1869,133521.0,59,7359.0,45.37,45.37,52.38,52.38,46.67,46.67,44.23,44.23,62.5,62.5
44547,Iran,IRN,,,NAT_TOTAL,2020-05-24,2.0,0.0,2.0,1.0,2.0,0.0,1.0,1.0,1.0,1.0,1.0,1.0,2.0,0.0,0.0,1.0,0.0,2.0,0.0,0.0,1.0,1.0,2.0,2.0,0.0,0.0,0.0,,0.0,,,2180,135701.0,58,7417.0,47.22,47.22,55.95,55.95,47.78,47.78,45.51,45.51,62.5,62.5
44548,Iran,IRN,,,NAT_TOTAL,2020-05-25,2.0,0.0,2.0,1.0,2.0,0.0,1.0,1.0,1.0,1.0,1.0,1.0,2.0,0.0,0.0,1.0,0.0,2.0,0.0,0.0,1.0,1.0,2.0,2.0,0.0,0.0,0.0,,0.0,,,2023,137724.0,34,7451.0,47.22,47.22,55.95,55.95,47.78,47.78,45.51,45.51,62.5,62.5
44549,Iran,IRN,,,NAT_TOTAL,2020-05-26,2.0,0.0,2.0,1.0,2.0,0.0,0.0,,1.0,1.0,1.0,1.0,2.0,0.0,0.0,1.0,0.0,2.0,0.0,0.0,1.0,1.0,2.0,2.0,0.0,0.0,0.0,,0.0,,,1787,139511.0,57,7508.0,44.44,44.44,55.95,55.95,46.11,46.11,43.59,43.59,62.5,62.5
44550,Iran,IRN,,,NAT_TOTAL,2020-05-27,2.0,0.0,2.0,1.0,2.0,0.0,0.0,,1.0,1.0,1.0,1.0,2.0,0.0,0.0,1.0,0.0,2.0,0.0,0.0,1.0,1.0,2.0,2.0,0.0,0.0,0.0,,0.0,,,2080,141591.0,56,7564.0,44.44,44.44,55.95,55.95,46.11,46.11,43.59,43.59,62.5,62.5
44551,Iran,IRN,,,NAT_TOTAL,2020-05-28,2.0,0.0,2.0,1.0,2.0,0.0,0.0,,1.0,1.0,1.0,1.0,2.0,0.0,0.0,1.0,0.0,2.0,0.0,0.0,1.0,1.0,2.0,2.0,0.0,0.0,0.0,,0.0,,,2258,143849.0,63,7627.0,44.44,44.44,55.95,55.95,46.11,46.11,43.59,43.59,62.5,62.5
44552,Iran,IRN,,,NAT_TOTAL,2020-05-29,2.0,0.0,2.0,1.0,2.0,0.0,0.0,,1.0,1.0,1.0,1.0,2.0,0.0,0.0,1.0,0.0,2.0,0.0,0.0,1.0,1.0,2.0,2.0,0.0,0.0,0.0,,0.0,,,2819,146668.0,50,7677.0,44.44,44.44,55.95,55.95,46.11,46.11,43.59,43.59,62.5,62.5
44553,Iran,IRN,,,NAT_TOTAL,2020-05-30,2.0,0.0,2.0,1.0,2.0,0.0,0.0,,1.0,1.0,1.0,1.0,2.0,0.0,0.0,1.0,0.0,2.0,0.0,0.0,1.0,1.0,2.0,2.0,0.0,0.0,0.0,,0.0,,,2282,148950.0,57,7734.0,44.44,44.44,55.95,55.95,46.11,46.11,43.59,43.59,62.5,62.5
44554,Iran,IRN,,,NAT_TOTAL,2020-05-31,2.0,0.0,2.0,1.0,2.0,0.0,0.0,,1.0,1.0,1.0,1.0,2.0,0.0,0.0,1.0,0.0,2.0,0.0,0.0,1.0,1.0,2.0,2.0,0.0,0.0,0.0,,0.0,,,2516,151466.0,63,7797.0,44.44,44.44,55.95,55.95,46.11,46.11,43.59,43.59,62.5,62.5
44555,Iran,IRN,,,NAT_TOTAL,2020-06-01,2.0,0.0,2.0,1.0,2.0,0.0,0.0,,1.0,1.0,1.0,1.0,2.0,0.0,0.0,1.0,0.0,2.0,0.0,0.0,1.0,1.0,2.0,2.0,0.0,0.0,0.0,,0.0,,,2979,154445.0,81,7878.0,44.44,44.44,55.95,55.95,46.11,46.11,43.59,43.59,62.5,62.5
44556,Iran,IRN,,,NAT_TOTAL,2020-06-02,2.0,0.0,2.0,1.0,2.0,0.0,0.0,,1.0,1.0,1.0,1.0,2.0,0.0,0.0,1.0,0.0,2.0,0.0,0.0,1.0,1.0,2.0,2.0,0.0,0.0,0.0,,0.0,,,3117,157562.0,64,7942.0,44.44,44.44,55.95,55.95,46.11,46.11,43.59,43.59,62.5,62.5
44557,Iran,IRN,,,NAT_TOTAL,2020-06-03,2.0,0.0,2.0,1.0,2.0,0.0,0.0,,1.0,1.0,1.0,1.0,2.0,0.0,0.0,1.0,0.0,2.0,0.0,0.0,1.0,1.0,2.0,2.0,0.0,0.0,0.0,,0.0,,,3134,160696.0,70,8012.0,44.44,44.44,55.95,55.95,46.11,46.11,43.59,43.59,62.5,62.5
44558,Iran,IRN,,,NAT_TOTAL,2020-06-04,2.0,0.0,2.0,1.0,2.0,0.0,0.0,,1.0,1.0,1.0,1.0,2.0,0.0,0.0,1.0,0.0,2.0,0.0,0.0,1.0,1.0,2.0,2.0,0.0,0.0,0.0,,0.0,,,3574,164270.0,59,8071.0,44.44,44.44,55.95,55.95,46.11,46.11,43.59,43.59,62.5,62.5
44559,Iran,IRN,,,NAT_TOTAL,2020-06-05,2.0,0.0,2.0,1.0,2.0,0.0,0.0,,1.0,1.0,1.0,1.0,2.0,0.0,0.0,1.0,0.0,2.0,0.0,0.0,1.0,1.0,2.0,2.0,0.0,0.0,0.0,,0.0,,,2886,167156.0,63,8134.0,44.44,44.44,55.95,55.95,46.11,46.11,43.59,43.59,62.5,62.5
44560,Iran,IRN,,,NAT_TOTAL,2020-06-06,2.0,0.0,2.0,1.0,2.0,0.0,0.0,,1.0,1.0,1.0,1.0,2.0,0.0,0.0,1.0,0.0,2.0,0.0,0.0,1.0,1.0,2.0,2.0,0.0,0.0,0.0,,0.0,,,2269,169425.0,75,8209.0,44.44,44.44,55.95,55.95,46.11,46.11,43.59,43.59,62.5,62.5
44561,Iran,IRN,,,NAT_TOTAL,2020-06-07,2.0,0.0,2.0,1.0,2.0,0.0,0.0,,1.0,1.0,1.0,1.0,2.0,0.0,0.0,1.0,0.0,2.0,0.0,0.0,1.0,1.0,2.0,2.0,0.0,0.0,0.0,,0.0,,,2364,171789.0,72,8281.0,44.44,44.44,55.95,55.95,46.11,46.11,43.59,43.59,62.5,62.5
44562,Iran,IRN,,,NAT_TOTAL,2020-06-08,2.0,0.0,2.0,1.0,2.0,0.0,0.0,,1.0,1.0,1.0,1.0,2.0,0.0,0.0,1.0,0.0,2.0,0.0,0.0,1.0,1.0,2.0,2.0,0.0,0.0,0.0,,0.0,,,2043,173832.0,70,8351.0,44.44,44.44,55.95,55.95,46.11,46.11,43.59,43.59,62.5,62.5
44563,Iran,IRN,,,NAT_TOTAL,2020-06-09,2.0,0.0,2.0,1.0,2.0,0.0,0.0,,1.0,1.0,1.0,1.0,2.0,0.0,0.0,1.0,0.0,2.0,0.0,0.0,1.0,1.0,2.0,2.0,0.0,0.0,0.0,,0.0,,,2095,175927.0,74,8425.0,44.44,44.44,55.95,55.95,46.11,46.11,43.59,43.59,62.5,62.5
44564,Iran,IRN,,,NAT_TOTAL,2020-06-10,2.0,0.0,2.0,1.0,2.0,0.0,0.0,,1.0,1.0,1.0,1.0,2.0,0.0,0.0,1.0,0.0,2.0,0.0,0.0,1.0,1.0,2.0,2.0,0.0,0.0,0.0,,0.0,,,2011,177938.0,81,8506.0,44.44,44.44,55.95,55.95,46.11,46.11,43.59,43.59,62.5,62.5
44565,Iran,IRN,,,NAT_TOTAL,2020-06-11,2.0,0.0,2.0,1.0,2.0,0.0,0.0,,1.0,1.0,1.0,1.0,2.0,0.0,0.0,1.0,0.0,2.0,0.0,0.0,1.0,1.0,2.0,2.0,0.0,0.0,0.0,,0.0,,,2218,180156.0,78,8584.0,44.44,44.44,55.95,55.95,46.11,46.11,43.59,43.59,62.5,62.5
44566,Iran,IRN,,,NAT_TOTAL,2020-06-12,2.0,0.0,2.0,1.0,2.0,0.0,0.0,,1.0,1.0,1.0,1.0,2.0,0.0,0.0,1.0,0.0,2.0,0.0,0.0,1.0,1.0,2.0,2.0,0.0,0.0,0.0,,0.0,,,2369,182525.0,75,8659.0,44.44,44.44,55.95,55.95,46.11,46.11,43.59,43.59,62.5,62.5
44567,Iran,IRN,,,NAT_TOTAL,2020-06-13,2.0,0.0,2.0,1.0,2.0,0.0,0.0,,1.0,1.0,1.0,1.0,2.0,0.0,0.0,1.0,0.0,2.0,0.0,0.0,1.0,1.0,2.0,2.0,0.0,0.0,0.0,,0.0,,,2430,184955.0,71,8730.0,44.44,44.44,55.95,55.95,46.11,46.11,43.59,43.59,62.5,62.5
44568,Iran,IRN,,,NAT_TOTAL,2020-06-14,2.0,0.0,2.0,1.0,2.0,0.0,0.0,,1.0,1.0,1.0,1.0,2.0,0.0,0.0,1.0,0.0,2.0,0.0,0.0,1.0,1.0,2.0,2.0,0.0,0.0,0.0,,0.0,,,2472,187427.0,107,8837.0,44.44,44.44,55.95,55.95,46.11,46.11,43.59,43.59,62.5,62.5
44569,Iran,IRN,,,NAT_TOTAL,2020-06-15,2.0,0.0,2.0,1.0,2.0,0.0,0.0,,1.0,1.0,1.0,1.0,2.0,0.0,0.0,1.0,0.0,2.0,0.0,0.0,1.0,1.0,2.0,2.0,0.0,0.0,0.0,,0.0,,,2449,189876.0,113,8950.0,44.44,44.44,55.95,55.95,46.11,46.11,43.59,43.59,62.5,62.5
44570,Iran,IRN,,,NAT_TOTAL,2020-06-16,2.0,0.0,2.0,1.0,2.0,0.0,0.0,,1.0,1.0,1.0,1.0,2.0,0.0,0.0,1.0,0.0,2.0,0.0,0.0,1.0,1.0,2.0,2.0,0.0,0.0,0.0,,0.0,,,2563,192439.0,115,9065.0,44.44,44.44,55.95,55.95,46.11,46.11,43.59,43.59,62.5,62.5
44571,Iran,IRN,,,NAT_TOTAL,2020-06-17,2.0,0.0,2.0,1.0,2.0,0.0,0.0,,1.0,1.0,1.0,1.0,2.0,0.0,0.0,1.0,0.0,2.0,0.0,0.0,1.0,1.0,2.0,2.0,0.0,0.0,0.0,,0.0,,,2612,195051.0,120,9185.0,44.44,44.44,55.95,55.95,46.11,46.11,43.59,43.59,62.5,62.5
44572,Iran,IRN,,,NAT_TOTAL,2020-06-18,2.0,0.0,2.0,1.0,2.0,0.0,0.0,,1.0,1.0,1.0,1.0,2.0,0.0,0.0,1.0,0.0,2.0,0.0,0.0,1.0,1.0,2.0,2.0,0.0,0.0,0.0,,0.0,,,2596,197647.0,87,9272.0,44.44,44.44,55.95,55.95,46.11,46.11,43.59,43.59,62.5,62.5
44573,Iran,IRN,,,NAT_TOTAL,2020-06-19,2.0,0.0,2.0,1.0,2.0,0.0,0.0,,1.0,1.0,1.0,1.0,2.0,0.0,0.0,1.0,0.0,2.0,0.0,0.0,1.0,1.0,2.0,2.0,0.0,0.0,0.0,,0.0,,,2615,200262.0,120,9392.0,44.44,44.44,55.95,55.95,46.11,46.11,43.59,43.59,62.5,62.5
44574,Iran,IRN,,,NAT_TOTAL,2020-06-20,2.0,0.0,2.0,1.0,2.0,0.0,0.0,,1.0,1.0,1.0,1.0,2.0,0.0,0.0,1.0,0.0,2.0,0.0,0.0,1.0,1.0,2.0,2.0,0.0,0.0,0.0,,0.0,,,2322,202584.0,115,9507.0,44.44,44.44,55.95,55.95,46.11,46.11,43.59,43.59,62.5,62.5
44575,Iran,IRN,,,NAT_TOTAL,2020-06-21,2.0,0.0,2.0,1.0,1.0,1.0,0.0,,1.0,1.0,1.0,1.0,2.0,0.0,0.0,1.0,0.0,2.0,0.0,0.0,1.0,1.0,2.0,2.0,0.0,0.0,0.0,,0.0,,,2368,204952.0,116,9623.0,41.67,41.67,55.95,55.95,44.44,44.44,41.67,41.67,62.5,62.5
44576,Iran,IRN,,,NAT_TOTAL,2020-06-22,2.0,0.0,2.0,1.0,1.0,1.0,0.0,,1.0,1.0,1.0,1.0,2.0,0.0,0.0,1.0,0.0,2.0,0.0,0.0,1.0,1.0,2.0,2.0,0.0,0.0,0.0,,0.0,,,2573,207525.0,119,9742.0,41.67,41.67,55.95,55.95,44.44,44.44,41.67,41.67,62.5,62.5
44577,Iran,IRN,,,NAT_TOTAL,2020-06-23,2.0,0.0,2.0,1.0,1.0,1.0,0.0,,1.0,1.0,1.0,1.0,2.0,0.0,0.0,1.0,0.0,2.0,0.0,0.0,1.0,1.0,2.0,2.0,0.0,0.0,0.0,,0.0,,,2445,209970.0,121,9863.0,41.67,41.67,55.95,55.95,44.44,44.44,41.67,41.67,62.5,62.5
44578,Iran,IRN,,,NAT_TOTAL,2020-06-24,2.0,0.0,2.0,1.0,1.0,1.0,0.0,,1.0,1.0,1.0,1.0,2.0,0.0,0.0,1.0,0.0,2.0,0.0,0.0,1.0,1.0,2.0,2.0,0.0,0.0,0.0,,0.0,,,2531,212501.0,133,9996.0,41.67,41.67,55.95,55.95,44.44,44.44,41.67,41.67,62.5,62.5
44579,Iran,IRN,,,NAT_TOTAL,2020-06-25,2.0,0.0,2.0,1.0,1.0,1.0,0.0,,1.0,1.0,1.0,1.0,2.0,0.0,0.0,1.0,0.0,2.0,0.0,0.0,1.0,1.0,2.0,2.0,0.0,0.0,0.0,,0.0,,,2595,215096.0,134,10130.0,41.67,41.67,55.95,55.95,44.44,44.44,41.67,41.67,62.5,62.5
44580,Iran,IRN,,,NAT_TOTAL,2020-06-26,2.0,0.0,2.0,1.0,1.0,1.0,0.0,,1.0,1.0,1.0,1.0,2.0,0.0,0.0,1.0,0.0,2.0,0.0,0.0,1.0,1.0,2.0,2.0,0.0,0.0,0.0,,0.0,,,2628,217724.0,109,10239.0,41.67,41.67,55.95,55.95,44.44,44.44,41.67,41.67,62.5,62.5
44581,Iran,IRN,,,NAT_TOTAL,2020-06-27,2.0,0.0,2.0,1.0,1.0,1.0,0.0,,1.0,1.0,1.0,1.0,2.0,0.0,0.0,1.0,0.0,2.0,0.0,0.0,1.0,1.0,2.0,2.0,0.0,0.0,0.0,,0.0,,,2456,220180.0,125,10364.0,41.67,41.67,55.95,55.95,44.44,44.44,41.67,41.67,62.5,62.5
44582,Iran,IRN,,,NAT_TOTAL,2020-06-28,2.0,0.0,2.0,1.0,1.0,1.0,0.0,,1.0,1.0,1.0,1.0,2.0,0.0,0.0,1.0,0.0,2.0,0.0,0.0,1.0,1.0,2.0,2.0,0.0,0.0,0.0,,0.0,,,2489,222669.0,144,10508.0,41.67,41.67,55.95,55.95,44.44,44.44,41.67,41.67,62.5,62.5
44583,Iran,IRN,,,NAT_TOTAL,2020-06-29,2.0,0.0,2.0,1.0,1.0,1.0,0.0,,1.0,1.0,1.0,1.0,2.0,0.0,0.0,1.0,0.0,2.0,0.0,0.0,1.0,1.0,2.0,2.0,0.0,0.0,0.0,,0.0,,,2536,225205.0,162,10670.0,41.67,41.67,55.95,55.95,44.44,44.44,41.67,41.67,62.5,62.5
44584,Iran,IRN,,,NAT_TOTAL,2020-06-30,2.0,0.0,2.0,1.0,1.0,1.0,0.0,,1.0,1.0,1.0,1.0,2.0,0.0,0.0,1.0,0.0,2.0,0.0,0.0,1.0,1.0,2.0,2.0,0.0,0.0,0.0,,0.0,,,2457,227662.0,147,10817.0,41.67,41.67,55.95,55.95,44.44,44.44,41.67,41.67,62.5,62.5
44585,Iran,IRN,,,NAT_TOTAL,2020-07-01,2.0,0.0,2.0,1.0,1.0,1.0,0.0,,1.0,1.0,1.0,1.0,2.0,0.0,0.0,1.0,0.0,2.0,0.0,0.0,1.0,1.0,2.0,2.0,0.0,0.0,0.0,,0.0,,,2549,230211.0,141,10958.0,41.67,41.67,55.95,55.95,44.44,44.44,41.67,41.67,62.5,62.5
44586,Iran,IRN,,,NAT_TOTAL,2020-07-02,2.0,0.0,2.0,1.0,1.0,1.0,0.0,,1.0,1.0,1.0,1.0,2.0,0.0,0.0,1.0,0.0,2.0,0.0,0.0,1.0,1.0,2.0,2.0,0.0,0.0,0.0,,0.0,,,2652,232863.0,148,11106.0,41.67,41.67,55.95,55.95,44.44,44.44,41.67,41.67,62.5,62.5
44587,Iran,IRN,,,NAT_TOTAL,2020-07-03,2.0,0.0,2.0,1.0,1.0,1.0,0.0,,1.0,1.0,1.0,1.0,2.0,0.0,0.0,1.0,0.0,2.0,0.0,0.0,1.0,1.0,2.0,2.0,0.0,0.0,0.0,,0.0,,,2566,235429.0,154,11260.0,41.67,41.67,55.95,55.95,44.44,44.44,41.67,41.67,62.5,62.5
44588,Iran,IRN,,,NAT_TOTAL,2020-07-04,2.0,0.0,2.0,1.0,1.0,1.0,0.0,,1.0,1.0,1.0,1.0,2.0,0.0,0.0,1.0,0.0,2.0,0.0,0.0,1.0,1.0,2.0,2.0,0.0,0.0,0.0,,0.0,,,2449,237878.0,148,11408.0,41.67,41.67,55.95,55.95,44.44,44.44,41.67,41.67,62.5,62.5
44589,Iran,IRN,,,NAT_TOTAL,2020-07-05,2.0,0.0,2.0,1.0,1.0,1.0,0.0,,1.0,1.0,1.0,1.0,2.0,0.0,0.0,1.0,0.0,2.0,0.0,0.0,1.0,1.0,2.0,2.0,0.0,0.0,2.0,1.0,0.0,,,2560,240438.0,163,11571.0,41.67,41.67,55.95,55.95,47.78,47.78,45.51,45.51,62.5,62.5
44590,Iran,IRN,,,NAT_TOTAL,2020-07-06,2.0,0.0,2.0,1.0,1.0,1.0,0.0,,1.0,1.0,1.0,1.0,2.0,0.0,0.0,1.0,0.0,2.0,0.0,0.0,1.0,1.0,2.0,2.0,0.0,0.0,2.0,1.0,0.0,,,2613,243051.0,160,11731.0,41.67,41.67,55.95,55.95,47.78,47.78,45.51,45.51,62.5,62.5
44591,Iran,IRN,,,NAT_TOTAL,2020-07-07,2.0,0.0,2.0,1.0,1.0,1.0,0.0,,1.0,1.0,1.0,1.0,2.0,0.0,0.0,1.0,0.0,2.0,0.0,0.0,1.0,1.0,2.0,2.0,0.0,0.0,2.0,1.0,0.0,,,2637,245688.0,200,11931.0,41.67,41.67,55.95,55.95,47.78,47.78,45.51,45.51,62.5,62.5
44592,Iran,IRN,,,NAT_TOTAL,2020-07-08,2.0,0.0,2.0,1.0,1.0,1.0,0.0,,1.0,1.0,1.0,1.0,2.0,0.0,0.0,1.0,0.0,2.0,0.0,0.0,1.0,1.0,2.0,2.0,0.0,0.0,2.0,1.0,0.0,,,2691,248379.0,153,12084.0,41.67,41.67,55.95,55.95,47.78,47.78,45.51,45.51,62.5,62.5
44593,Iran,IRN,,,NAT_TOTAL,2020-07-09,2.0,0.0,2.0,1.0,1.0,1.0,0.0,,1.0,1.0,1.0,1.0,2.0,0.0,0.0,1.0,0.0,2.0,0.0,0.0,1.0,1.0,2.0,2.0,0.0,0.0,2.0,1.0,0.0,,,2079,250458.0,221,12305.0,41.67,41.67,55.95,55.95,47.78,47.78,45.51,45.51,62.5,62.5
44594,Iran,IRN,,,NAT_TOTAL,2020-07-10,2.0,0.0,2.0,1.0,1.0,1.0,0.0,,1.0,1.0,1.0,1.0,2.0,0.0,0.0,1.0,0.0,2.0,0.0,0.0,1.0,1.0,2.0,2.0,0.0,0.0,2.0,1.0,0.0,,,2262,252720.0,142,12447.0,41.67,41.67,55.95,55.95,47.78,47.78,45.51,45.51,62.5,62.5
44595,Iran,IRN,,,NAT_TOTAL,2020-07-11,2.0,0.0,2.0,0.0,1.0,1.0,2.0,0.0,1.0,1.0,1.0,1.0,2.0,0.0,3.0,1.0,0.0,2.0,0.0,0.0,1.0,1.0,2.0,2.0,0.0,0.0,2.0,1.0,0.0,,,2397,255117.0,188,12635.0,52.31,52.31,63.1,63.1,54.17,54.17,52.88,52.88,62.5,62.5
44596,Iran,IRN,,,NAT_TOTAL,2020-07-12,2.0,0.0,2.0,0.0,1.0,1.0,2.0,0.0,1.0,1.0,1.0,1.0,2.0,0.0,3.0,1.0,0.0,2.0,0.0,0.0,1.0,1.0,2.0,2.0,0.0,0.0,2.0,1.0,0.0,,,2186,257303.0,194,12829.0,52.31,52.31,63.1,63.1,54.17,54.17,52.88,52.88,62.5,62.5
44597,Iran,IRN,,,NAT_TOTAL,2020-07-13,3.0,0.0,2.0,0.0,2.0,0.0,2.0,0.0,1.0,1.0,1.0,1.0,2.0,0.0,3.0,1.0,0.0,2.0,0.0,0.0,1.0,1.0,2.0,2.0,0.0,0.0,2.0,1.0,0.0,,,2349,259652.0,203,13032.0,58.8,58.8,66.67,66.67,58.06,58.06,57.37,57.37,62.5,62.5
44598,Iran,IRN,,,NAT_TOTAL,2020-07-14,3.0,0.0,2.0,0.0,2.0,0.0,2.0,0.0,1.0,1.0,1.0,1.0,2.0,0.0,3.0,1.0,0.0,2.0,0.0,0.0,1.0,1.0,2.0,2.0,0.0,0.0,2.0,1.0,0.0,,,2521,262173.0,179,13211.0,58.8,58.8,66.67,66.67,58.06,58.06,57.37,57.37,62.5,62.5
44599,Iran,IRN,,,NAT_TOTAL,2020-07-15,3.0,0.0,2.0,0.0,2.0,0.0,2.0,0.0,1.0,1.0,1.0,1.0,2.0,0.0,3.0,1.0,0.0,2.0,0.0,0.0,1.0,1.0,2.0,2.0,0.0,0.0,2.0,1.0,0.0,,,2388,264561.0,199,13410.0,58.8,58.8,66.67,66.67,58.06,58.06,57.37,57.37,62.5,62.5
44600,Iran,IRN,,,NAT_TOTAL,2020-07-16,3.0,0.0,2.0,0.0,2.0,0.0,2.0,0.0,1.0,1.0,1.0,1.0,2.0,0.0,3.0,1.0,0.0,2.0,0.0,0.0,1.0,1.0,2.0,2.0,0.0,0.0,2.0,1.0,0.0,,,2500,267061.0,198,13608.0,58.8,58.8,66.67,66.67,58.06,58.06,57.37,57.37,62.5,62.5
44601,Iran,IRN,,,NAT_TOTAL,2020-07-17,3.0,0.0,2.0,0.0,2.0,0.0,2.0,0.0,1.0,1.0,1.0,1.0,2.0,0.0,3.0,1.0,0.0,2.0,0.0,0.0,1.0,1.0,2.0,2.0,0.0,0.0,2.0,1.0,0.0,,,2379,269440.0,183,13791.0,58.8,58.8,66.67,66.67,58.06,58.06,57.37,57.37,62.5,62.5
44602,Iran,IRN,,,NAT_TOTAL,2020-07-18,3.0,0.0,2.0,0.0,2.0,0.0,2.0,0.0,1.0,1.0,1.0,1.0,2.0,0.0,3.0,1.0,0.0,2.0,0.0,0.0,1.0,1.0,2.0,2.0,0.0,0.0,2.0,1.0,0.0,,,2166,271606.0,188,13979.0,58.8,58.8,66.67,66.67,58.06,58.06,57.37,57.37,62.5,62.5
44603,Iran,IRN,,,NAT_TOTAL,2020-07-19,3.0,0.0,2.0,0.0,2.0,0.0,2.0,0.0,1.0,1.0,1.0,1.0,2.0,0.0,3.0,1.0,0.0,2.0,0.0,0.0,1.0,1.0,2.0,2.0,0.0,0.0,2.0,1.0,0.0,,,2182,273788.0,209,14188.0,58.8,58.8,66.67,66.67,58.06,58.06,57.37,57.37,62.5,62.5
44604,Iran,IRN,,,NAT_TOTAL,2020-07-20,3.0,0.0,2.0,0.0,2.0,0.0,2.0,0.0,1.0,1.0,1.0,1.0,2.0,0.0,3.0,1.0,0.0,2.0,0.0,0.0,1.0,1.0,2.0,2.0,0.0,0.0,2.0,1.0,0.0,,,2414,276202.0,217,14405.0,58.8,58.8,66.67,66.67,58.06,58.06,57.37,57.37,62.5,62.5
44605,Iran,IRN,,,NAT_TOTAL,2020-07-21,3.0,0.0,2.0,0.0,2.0,0.0,2.0,0.0,1.0,1.0,1.0,1.0,2.0,0.0,3.0,1.0,0.0,2.0,0.0,0.0,1.0,1.0,2.0,2.0,0.0,0.0,2.0,1.0,0.0,,,2625,278827.0,229,14634.0,58.8,58.8,66.67,66.67,58.06,58.06,57.37,57.37,62.5,62.5
44606,Iran,IRN,,,NAT_TOTAL,2020-07-22,3.0,0.0,2.0,0.0,2.0,0.0,2.0,0.0,1.0,1.0,1.0,1.0,2.0,0.0,3.0,1.0,0.0,2.0,0.0,0.0,1.0,1.0,2.0,2.0,0.0,0.0,2.0,1.0,0.0,,,2586,281413.0,219,14853.0,58.8,58.8,66.67,66.67,58.06,58.06,57.37,57.37,62.5,62.5
44607,Iran,IRN,,,NAT_TOTAL,2020-07-23,3.0,0.0,2.0,0.0,2.0,0.0,2.0,0.0,1.0,1.0,1.0,1.0,2.0,0.0,3.0,1.0,0.0,2.0,0.0,0.0,1.0,1.0,2.0,2.0,0.0,0.0,2.0,1.0,0.0,,,2621,284034.0,221,15074.0,58.8,58.8,66.67,66.67,58.06,58.06,57.37,57.37,62.5,62.5
44608,Iran,IRN,,,NAT_TOTAL,2020-07-24,3.0,0.0,2.0,0.0,2.0,0.0,2.0,0.0,1.0,1.0,1.0,1.0,2.0,0.0,3.0,1.0,0.0,2.0,0.0,0.0,1.0,1.0,2.0,2.0,0.0,0.0,2.0,1.0,0.0,,,2489,286523.0,215,15289.0,58.8,58.8,66.67,66.67,58.06,58.06,57.37,57.37,62.5,62.5
44609,Iran,IRN,,,NAT_TOTAL,2020-07-25,3.0,0.0,2.0,0.0,2.0,0.0,2.0,0.0,1.0,1.0,1.0,1.0,2.0,0.0,3.0,1.0,0.0,2.0,0.0,0.0,1.0,1.0,2.0,2.0,0.0,0.0,2.0,1.0,0.0,,,2316,288839.0,195,15484.0,58.8,58.8,66.67,66.67,58.06,58.06,57.37,57.37,62.5,62.5
44610,Iran,IRN,,,NAT_TOTAL,2020-07-26,3.0,0.0,2.0,0.0,2.0,0.0,2.0,0.0,1.0,1.0,1.0,1.0,2.0,0.0,3.0,1.0,0.0,2.0,0.0,0.0,1.0,1.0,2.0,2.0,0.0,0.0,2.0,1.0,0.0,,,2333,291172.0,216,15700.0,58.8,58.8,66.67,66.67,58.06,58.06,57.37,57.37,62.5,62.5
44611,Iran,IRN,,,NAT_TOTAL,2020-07-27,3.0,0.0,2.0,0.0,2.0,0.0,2.0,0.0,1.0,1.0,1.0,1.0,2.0,0.0,3.0,1.0,0.0,2.0,0.0,0.0,1.0,1.0,2.0,2.0,0.0,0.0,2.0,1.0,0.0,,,2434,293606.0,212,15912.0,58.8,58.8,66.67,66.67,58.06,58.06,57.37,57.37,62.5,62.5
44612,Iran,IRN,,,NAT_TOTAL,2020-07-28,3.0,0.0,2.0,0.0,2.0,0.0,2.0,0.0,1.0,1.0,1.0,1.0,2.0,0.0,3.0,1.0,0.0,2.0,0.0,0.0,1.0,1.0,2.0,2.0,0.0,0.0,2.0,1.0,0.0,,,2667,296273.0,235,16147.0,58.8,58.8,66.67,66.67,58.06,58.06,57.37,57.37,62.5,62.5
44613,Iran,IRN,,,NAT_TOTAL,2020-07-29,3.0,0.0,2.0,0.0,2.0,0.0,2.0,0.0,1.0,1.0,1.0,1.0,2.0,0.0,3.0,1.0,0.0,2.0,0.0,0.0,1.0,1.0,2.0,2.0,0.0,0.0,2.0,1.0,0.0,,,2636,298909.0,196,16343.0,58.8,58.8,66.67,66.67,58.06,58.06,57.37,57.37,62.5,62.5
44614,Iran,IRN,,,NAT_TOTAL,2020-07-30,3.0,0.0,2.0,0.0,2.0,0.0,2.0,0.0,1.0,1.0,1.0,1.0,2.0,0.0,3.0,1.0,0.0,2.0,0.0,0.0,1.0,1.0,2.0,2.0,0.0,0.0,2.0,1.0,0.0,,,2621,301530.0,226,16569.0,58.8,58.8,66.67,66.67,58.06,58.06,57.37,57.37,62.5,62.5
44615,Iran,IRN,,,NAT_TOTAL,2020-07-31,3.0,0.0,2.0,0.0,2.0,1.0,2.0,0.0,1.0,1.0,1.0,1.0,2.0,0.0,3.0,1.0,0.0,2.0,0.0,0.0,1.0,1.0,2.0,2.0,0.0,0.0,2.0,1.0,0.0,,,2674,304204.0,197,16766.0,61.57,61.57,71.43,71.43,59.72,59.72,59.29,59.29,62.5,62.5
44616,Iran,IRN,,,NAT_TOTAL,2020-08-01,3.0,0.0,2.0,0.0,2.0,1.0,2.0,0.0,1.0,1.0,1.0,1.0,2.0,0.0,3.0,1.0,0.0,2.0,0.0,0.0,1.0,1.0,2.0,2.0,0.0,0.0,2.0,1.0,0.0,,,2548,306752.0,216,16982.0,61.57,61.57,71.43,71.43,59.72,59.72,59.29,59.29,62.5,62.5
44617,Iran,IRN,,,NAT_TOTAL,2020-08-02,3.0,0.0,2.0,0.0,2.0,1.0,2.0,0.0,1.0,1.0,1.0,1.0,2.0,0.0,3.0,1.0,0.0,2.0,0.0,0.0,1.0,1.0,2.0,2.0,0.0,0.0,2.0,1.0,0.0,,,2685,309437.0,208,17190.0,61.57,61.57,71.43,71.43,59.72,59.72,59.29,59.29,62.5,62.5
44618,Iran,IRN,,,NAT_TOTAL,2020-08-03,3.0,0.0,2.0,0.0,2.0,1.0,2.0,0.0,1.0,1.0,1.0,1.0,2.0,0.0,3.0,1.0,0.0,2.0,0.0,0.0,1.0,1.0,2.0,2.0,0.0,0.0,2.0,1.0,0.0,,,2598,312035.0,215,17405.0,61.57,61.57,71.43,71.43,59.72,59.72,59.29,59.29,62.5,62.5
44619,Iran,IRN,,,NAT_TOTAL,2020-08-04,3.0,0.0,2.0,0.0,2.0,1.0,1.0,1.0,1.0,1.0,1.0,1.0,2.0,0.0,3.0,1.0,0.0,2.0,0.0,0.0,1.0,1.0,2.0,2.0,0.0,0.0,2.0,1.0,0.0,,,2751,314786.0,212,17617.0,60.19,60.19,71.43,71.43,58.89,58.89,58.33,58.33,62.5,62.5
44620,Iran,IRN,,,NAT_TOTAL,2020-08-05,3.0,0.0,2.0,0.0,2.0,1.0,1.0,1.0,1.0,1.0,1.0,1.0,2.0,0.0,3.0,1.0,0.0,2.0,0.0,0.0,1.0,1.0,2.0,2.0,0.0,0.0,2.0,1.0,0.0,,,2697,317483.0,185,17802.0,60.19,60.19,71.43,71.43,58.89,58.89,58.33,58.33,62.5,62.5
44621,Iran,IRN,,,NAT_TOTAL,2020-08-06,3.0,0.0,2.0,0.0,2.0,1.0,1.0,1.0,1.0,1.0,1.0,1.0,2.0,0.0,3.0,1.0,0.0,2.0,0.0,0.0,1.0,1.0,2.0,2.0,0.0,0.0,2.0,1.0,0.0,,,2634,320117.0,174,17976.0,60.19,60.19,71.43,71.43,58.89,58.89,58.33,58.33,62.5,62.5
44622,Iran,IRN,,,NAT_TOTAL,2020-08-07,3.0,0.0,2.0,0.0,2.0,1.0,1.0,1.0,1.0,1.0,1.0,1.0,2.0,0.0,3.0,1.0,0.0,2.0,0.0,0.0,1.0,1.0,2.0,2.0,0.0,0.0,2.0,1.0,0.0,,,2450,322567.0,156,18132.0,60.19,60.19,71.43,71.43,58.89,58.89,58.33,58.33,62.5,62.5
44623,Iran,IRN,,,NAT_TOTAL,2020-08-08,3.0,0.0,2.0,0.0,2.0,1.0,1.0,1.0,1.0,1.0,1.0,1.0,2.0,0.0,3.0,1.0,0.0,2.0,0.0,0.0,1.0,1.0,2.0,2.0,0.0,0.0,2.0,1.0,0.0,,,2125,324692.0,132,18264.0,60.19,60.19,71.43,71.43,58.89,58.89,58.33,58.33,62.5,62.5
44624,Iran,IRN,,,NAT_TOTAL,2020-08-09,3.0,0.0,2.0,0.0,2.0,1.0,1.0,1.0,1.0,1.0,1.0,1.0,2.0,0.0,3.0,1.0,0.0,2.0,0.0,0.0,1.0,1.0,2.0,2.0,0.0,0.0,2.0,1.0,0.0,,,2020,326712.0,163,18427.0,60.19,60.19,71.43,71.43,58.89,58.89,58.33,58.33,62.5,62.5
44625,Iran,IRN,,,NAT_TOTAL,2020-08-10,3.0,0.0,2.0,0.0,2.0,1.0,1.0,1.0,1.0,1.0,1.0,1.0,2.0,0.0,3.0,1.0,0.0,2.0,0.0,0.0,1.0,1.0,2.0,2.0,0.0,0.0,2.0,1.0,0.0,,,2132,328844.0,189,18616.0,60.19,60.19,71.43,71.43,58.89,58.89,58.33,58.33,62.5,62.5
44626,Iran,IRN,,,NAT_TOTAL,2020-08-11,3.0,0.0,2.0,0.0,2.0,1.0,1.0,1.0,1.0,1.0,1.0,1.0,2.0,0.0,3.0,1.0,0.0,2.0,0.0,0.0,1.0,1.0,2.0,2.0,0.0,0.0,2.0,1.0,0.0,,,2345,331189.0,184,18800.0,60.19,60.19,71.43,71.43,58.89,58.89,58.33,58.33,62.5,62.5
44627,Iran,IRN,,,NAT_TOTAL,2020-08-12,3.0,0.0,2.0,0.0,2.0,1.0,1.0,1.0,1.0,1.0,1.0,1.0,2.0,0.0,3.0,1.0,0.0,2.0,0.0,0.0,1.0,1.0,2.0,2.0,0.0,0.0,2.0,1.0,0.0,,,2510,333699.0,188,18988.0,60.19,60.19,71.43,71.43,58.89,58.89,58.33,58.33,62.5,62.5
44628,Iran,IRN,,,NAT_TOTAL,2020-08-13,3.0,0.0,2.0,0.0,2.0,1.0,1.0,1.0,1.0,1.0,1.0,1.0,2.0,0.0,3.0,1.0,0.0,2.0,0.0,0.0,1.0,1.0,2.0,2.0,0.0,0.0,2.0,1.0,0.0,,,2625,336324.0,174,19162.0,60.19,60.19,71.43,71.43,58.89,58.89,58.33,58.33,62.5,62.5
44629,Iran,IRN,,,NAT_TOTAL,2020-08-14,3.0,0.0,2.0,0.0,2.0,1.0,1.0,1.0,1.0,1.0,1.0,1.0,2.0,0.0,3.0,1.0,0.0,2.0,0.0,0.0,1.0,1.0,2.0,2.0,0.0,0.0,2.0,1.0,0.0,,,2501,338825.0,169,19331.0,60.19,60.19,71.43,71.43,58.89,58.89,58.33,58.33,62.5,62.5
44630,Iran,IRN,,,NAT_TOTAL,2020-08-15,3.0,0.0,2.0,0.0,2.0,1.0,1.0,1.0,1.0,1.0,1.0,1.0,2.0,0.0,3.0,1.0,0.0,2.0,0.0,0.0,1.0,1.0,2.0,2.0,0.0,0.0,2.0,1.0,0.0,,,2245,341070.0,161,19492.0,60.19,60.19,71.43,71.43,58.89,58.89,58.33,58.33,62.5,62.5
44631,Iran,IRN,,,NAT_TOTAL,2020-08-16,3.0,0.0,2.0,0.0,2.0,1.0,1.0,1.0,1.0,1.0,1.0,1.0,2.0,0.0,3.0,1.0,0.0,2.0,0.0,0.0,1.0,1.0,2.0,2.0,0.0,0.0,2.0,1.0,0.0,,,2133,343203.0,147,19639.0,60.19,60.19,71.43,71.43,58.89,58.89,58.33,58.33,62.5,62.5
44632,Iran,IRN,,,NAT_TOTAL,2020-08-17,3.0,0.0,2.0,0.0,2.0,1.0,1.0,1.0,1.0,1.0,1.0,1.0,2.0,0.0,3.0,1.0,0.0,2.0,0.0,0.0,1.0,1.0,2.0,2.0,0.0,0.0,2.0,1.0,0.0,,,2247,345450.0,165,19804.0,60.19,60.19,71.43,71.43,58.89,58.89,58.33,58.33,62.5,62.5
44633,Iran,IRN,,,NAT_TOTAL,2020-08-18,3.0,0.0,2.0,0.0,2.0,1.0,1.0,1.0,1.0,1.0,1.0,1.0,2.0,0.0,3.0,1.0,0.0,2.0,0.0,0.0,1.0,1.0,2.0,2.0,0.0,0.0,2.0,1.0,0.0,,,2385,347835.0,168,19972.0,60.19,60.19,71.43,71.43,58.89,58.89,58.33,58.33,62.5,62.5
44634,Iran,IRN,,,NAT_TOTAL,2020-08-19,3.0,0.0,2.0,0.0,2.0,1.0,1.0,1.0,1.0,1.0,1.0,1.0,2.0,0.0,3.0,1.0,0.0,2.0,0.0,0.0,1.0,1.0,2.0,2.0,0.0,0.0,2.0,1.0,0.0,,,2444,350279.0,153,20125.0,60.19,60.19,71.43,71.43,58.89,58.89,58.33,58.33,62.5,62.5
44635,Iran,IRN,,,NAT_TOTAL,2020-08-20,3.0,0.0,2.0,0.0,2.0,1.0,1.0,1.0,1.0,1.0,1.0,1.0,2.0,0.0,3.0,1.0,0.0,2.0,0.0,0.0,1.0,1.0,2.0,2.0,0.0,0.0,2.0,1.0,0.0,,,2279,352558.0,139,20264.0,60.19,60.19,71.43,71.43,58.89,58.89,58.33,58.33,62.5,62.5
44636,Iran,IRN,,,NAT_TOTAL,2020-08-21,3.0,0.0,2.0,0.0,2.0,1.0,1.0,1.0,1.0,1.0,1.0,1.0,2.0,0.0,3.0,1.0,0.0,2.0,0.0,0.0,1.0,1.0,2.0,2.0,0.0,0.0,2.0,1.0,0.0,,,2206,354764.0,112,20376.0,60.19,60.19,71.43,71.43,58.89,58.89,58.33,58.33,62.5,62.5
44637,Iran,IRN,,,NAT_TOTAL,2020-08-22,3.0,0.0,2.0,0.0,2.0,1.0,1.0,1.0,1.0,1.0,1.0,1.0,2.0,0.0,3.0,1.0,0.0,2.0,0.0,0.0,1.0,1.0,2.0,2.0,0.0,0.0,2.0,1.0,0.0,,,2028,356792.0,126,20502.0,60.19,60.19,71.43,71.43,58.89,58.89,58.33,58.33,62.5,62.5
44638,Iran,IRN,,,NAT_TOTAL,2020-08-23,3.0,0.0,2.0,0.0,2.0,1.0,1.0,1.0,1.0,1.0,1.0,1.0,2.0,0.0,3.0,1.0,0.0,2.0,0.0,0.0,1.0,1.0,2.0,2.0,0.0,0.0,2.0,1.0,0.0,,,2113,358905.0,141,20643.0,60.19,60.19,71.43,71.43,58.89,58.89,58.33,58.33,62.5,62.5
44639,Iran,IRN,,,NAT_TOTAL,2020-08-24,3.0,0.0,2.0,0.0,2.0,1.0,1.0,1.0,1.0,1.0,1.0,1.0,2.0,0.0,3.0,1.0,0.0,2.0,0.0,0.0,1.0,1.0,2.0,2.0,0.0,0.0,2.0,1.0,0.0,,,2245,361150.0,133,20776.0,60.19,60.19,71.43,71.43,58.89,58.89,58.33,58.33,62.5,62.5
44640,Iran,IRN,,,NAT_TOTAL,2020-08-25,3.0,0.0,2.0,0.0,2.0,1.0,1.0,1.0,1.0,1.0,1.0,1.0,2.0,0.0,3.0,1.0,0.0,2.0,0.0,0.0,1.0,1.0,2.0,2.0,0.0,0.0,2.0,1.0,0.0,,,2213,363363.0,125,20901.0,60.19,60.19,71.43,71.43,58.89,58.89,58.33,58.33,62.5,62.5
44641,Iran,IRN,,,NAT_TOTAL,2020-08-26,3.0,0.0,2.0,0.0,2.0,1.0,1.0,1.0,1.0,1.0,1.0,1.0,2.0,0.0,3.0,1.0,0.0,2.0,0.0,0.0,1.0,1.0,2.0,2.0,0.0,0.0,2.0,1.0,0.0,,,2243,365606.0,119,21020.0,60.19,60.19,71.43,71.43,58.89,58.89,58.33,58.33,62.5,62.5
44642,Iran,IRN,,,NAT_TOTAL,2020-08-27,3.0,0.0,2.0,0.0,2.0,1.0,1.0,1.0,1.0,1.0,1.0,1.0,2.0,0.0,3.0,1.0,0.0,2.0,0.0,0.0,1.0,1.0,2.0,2.0,0.0,0.0,2.0,1.0,0.0,,,2190,367796.0,117,21137.0,60.19,60.19,71.43,71.43,58.89,58.89,58.33,58.33,62.5,62.5
44643,Iran,IRN,,,NAT_TOTAL,2020-08-28,3.0,0.0,2.0,0.0,2.0,1.0,1.0,1.0,1.0,1.0,1.0,1.0,2.0,0.0,3.0,1.0,0.0,2.0,0.0,0.0,1.0,1.0,2.0,2.0,0.0,0.0,2.0,1.0,0.0,,,2115,369911.0,112,21249.0,60.19,60.19,71.43,71.43,58.89,58.89,58.33,58.33,62.5,62.5
44644,Iran,IRN,,,NAT_TOTAL,2020-08-29,3.0,0.0,2.0,0.0,2.0,1.0,1.0,1.0,1.0,1.0,1.0,1.0,2.0,0.0,3.0,1.0,0.0,2.0,0.0,0.0,1.0,1.0,2.0,2.0,0.0,0.0,2.0,1.0,0.0,,,1905,371816.0,110,21359.0,60.19,60.19,71.43,71.43,58.89,58.89,58.33,58.33,62.5,62.5
44645,Iran,IRN,,,NAT_TOTAL,2020-08-30,3.0,0.0,2.0,0.0,2.0,1.0,1.0,1.0,1.0,1.0,1.0,1.0,2.0,0.0,3.0,1.0,0.0,2.0,0.0,0.0,1.0,1.0,2.0,2.0,0.0,0.0,2.0,1.0,0.0,,,1754,373570.0,103,21462.0,60.19,60.19,71.43,71.43,58.89,58.89,58.33,58.33,62.5,62.5
44646,Iran,IRN,,,NAT_TOTAL,2020-08-31,3.0,0.0,2.0,0.0,2.0,1.0,1.0,1.0,1.0,1.0,1.0,1.0,2.0,0.0,3.0,1.0,0.0,2.0,0.0,0.0,1.0,1.0,2.0,2.0,0.0,0.0,2.0,1.0,0.0,,,1642,375212.0,109,21571.0,60.19,60.19,71.43,71.43,58.89,58.89,58.33,58.33,62.5,62.5
44647,Iran,IRN,,,NAT_TOTAL,2020-09-01,3.0,0.0,2.0,0.0,2.0,1.0,1.0,1.0,1.0,1.0,1.0,1.0,2.0,0.0,3.0,1.0,0.0,2.0,0.0,0.0,1.0,1.0,2.0,2.0,0.0,0.0,2.0,1.0,0.0,,,1682,376894.0,101,21672.0,60.19,60.19,71.43,71.43,58.89,58.89,58.33,58.33,62.5,62.5
44648,Iran,IRN,,,NAT_TOTAL,2020-09-02,3.0,0.0,2.0,0.0,2.0,1.0,1.0,1.0,1.0,1.0,1.0,1.0,2.0,0.0,3.0,1.0,0.0,2.0,0.0,0.0,1.0,1.0,2.0,2.0,0.0,0.0,2.0,1.0,0.0,,,1858,378752.0,125,21797.0,60.19,60.19,71.43,71.43,58.89,58.89,58.33,58.33,62.5,62.5
44649,Iran,IRN,,,NAT_TOTAL,2020-09-03,3.0,0.0,2.0,0.0,2.0,1.0,1.0,1.0,1.0,1.0,1.0,1.0,2.0,0.0,3.0,1.0,0.0,2.0,0.0,0.0,1.0,1.0,2.0,2.0,0.0,0.0,2.0,1.0,0.0,,,1994,380746.0,129,21926.0,60.19,60.19,71.43,71.43,58.89,58.89,58.33,58.33,62.5,62.5
44650,Iran,IRN,,,NAT_TOTAL,2020-09-04,3.0,0.0,2.0,0.0,2.0,1.0,1.0,1.0,1.0,1.0,1.0,1.0,2.0,0.0,3.0,1.0,0.0,2.0,0.0,0.0,1.0,1.0,2.0,2.0,0.0,0.0,2.0,1.0,0.0,,,2026,382772.0,118,22044.0,60.19,60.19,71.43,71.43,58.89,58.89,58.33,58.33,62.5,62.5
44651,Iran,IRN,,,NAT_TOTAL,2020-09-05,3.0,0.0,2.0,0.0,2.0,1.0,1.0,1.0,1.0,1.0,1.0,1.0,2.0,0.0,3.0,1.0,0.0,2.0,0.0,0.0,1.0,1.0,2.0,2.0,0.0,0.0,2.0,1.0,0.0,,,1894,384666.0,110,22154.0,60.19,60.19,71.43,71.43,58.89,58.89,58.33,58.33,62.5,62.5
44652,Iran,IRN,,,NAT_TOTAL,2020-09-06,3.0,0.0,2.0,0.0,2.0,1.0,1.0,1.0,1.0,1.0,1.0,1.0,2.0,0.0,3.0,1.0,0.0,2.0,0.0,0.0,1.0,1.0,2.0,2.0,0.0,0.0,2.0,1.0,0.0,,,1992,386658.0,139,22293.0,60.19,60.19,71.43,71.43,58.89,58.89,58.33,58.33,62.5,62.5
44653,Iran,IRN,,,NAT_TOTAL,2020-09-07,3.0,0.0,2.0,0.0,2.0,1.0,1.0,1.0,1.0,1.0,1.0,1.0,2.0,0.0,3.0,1.0,0.0,2.0,0.0,0.0,1.0,1.0,2.0,2.0,0.0,0.0,2.0,1.0,0.0,,,2152,388810.0,117,22410.0,60.19,60.19,71.43,71.43,58.89,58.89,58.33,58.33,62.5,62.5
44654,Iran,IRN,,,NAT_TOTAL,2020-09-08,3.0,0.0,2.0,0.0,2.0,1.0,1.0,1.0,1.0,1.0,1.0,1.0,2.0,0.0,3.0,1.0,0.0,2.0,0.0,0.0,1.0,1.0,2.0,2.0,0.0,0.0,2.0,1.0,0.0,,,2302,391112.0,132,22542.0,60.19,60.19,71.43,71.43,58.89,58.89,58.33,58.33,62.5,62.5
44655,Iran,IRN,,,NAT_TOTAL,2020-09-09,3.0,0.0,2.0,0.0,2.0,1.0,1.0,1.0,1.0,1.0,1.0,1.0,2.0,0.0,3.0,1.0,0.0,2.0,0.0,0.0,1.0,1.0,2.0,2.0,0.0,0.0,2.0,1.0,0.0,,,2313,393425.0,127,22669.0,60.19,60.19,71.43,71.43,58.89,58.89,58.33,58.33,62.5,62.5
44656,Iran,IRN,,,NAT_TOTAL,2020-09-10,3.0,0.0,2.0,0.0,2.0,1.0,1.0,1.0,1.0,1.0,1.0,1.0,2.0,0.0,3.0,1.0,0.0,2.0,0.0,0.0,1.0,1.0,2.0,2.0,0.0,0.0,2.0,1.0,0.0,,,2063,395488.0,129,22798.0,60.19,60.19,71.43,71.43,58.89,58.89,58.33,58.33,62.5,62.5
44657,Iran,IRN,,,NAT_TOTAL,2020-09-11,3.0,0.0,2.0,0.0,2.0,1.0,1.0,1.0,1.0,1.0,1.0,1.0,2.0,0.0,3.0,1.0,0.0,2.0,0.0,0.0,1.0,1.0,2.0,2.0,0.0,0.0,2.0,1.0,0.0,,,2313,397801.0,115,22913.0,60.19,60.19,71.43,71.43,58.89,58.89,58.33,58.33,62.5,62.5
44658,Iran,IRN,,,NAT_TOTAL,2020-09-12,3.0,0.0,2.0,0.0,2.0,1.0,1.0,1.0,1.0,1.0,1.0,1.0,2.0,0.0,3.0,1.0,0.0,2.0,0.0,0.0,1.0,1.0,2.0,2.0,0.0,0.0,2.0,1.0,0.0,,,2139,399940.0,116,23029.0,60.19,60.19,71.43,71.43,58.89,58.89,58.33,58.33,62.5,62.5
44659,Iran,IRN,,,NAT_TOTAL,2020-09-13,3.0,0.0,2.0,0.0,2.0,1.0,1.0,1.0,1.0,1.0,1.0,1.0,2.0,0.0,3.0,1.0,0.0,2.0,0.0,0.0,1.0,1.0,2.0,2.0,0.0,0.0,2.0,1.0,0.0,,,2089,402029.0,128,23157.0,60.19,60.19,71.43,71.43,58.89,58.89,58.33,58.33,62.5,62.5
44660,Iran,IRN,,,NAT_TOTAL,2020-09-14,3.0,0.0,2.0,0.0,2.0,1.0,1.0,1.0,1.0,1.0,1.0,1.0,2.0,0.0,3.0,1.0,0.0,2.0,0.0,0.0,1.0,1.0,2.0,2.0,0.0,0.0,2.0,1.0,0.0,,,2619,404648.0,156,23313.0,60.19,60.19,71.43,71.43,58.89,58.89,58.33,58.33,62.5,62.5
44661,Iran,IRN,,,NAT_TOTAL,2020-09-15,3.0,0.0,0.0,,2.0,1.0,1.0,1.0,1.0,1.0,1.0,1.0,2.0,0.0,3.0,1.0,0.0,2.0,0.0,0.0,1.0,1.0,2.0,2.0,0.0,0.0,2.0,1.0,0.0,,,2705,407353.0,140,23453.0,54.63,54.63,64.29,64.29,55.56,55.56,54.49,54.49,62.5,62.5
44662,Iran,IRN,,,NAT_TOTAL,2020-09-16,3.0,0.0,0.0,,2.0,1.0,1.0,1.0,1.0,1.0,1.0,1.0,2.0,0.0,3.0,1.0,0.0,2.0,0.0,0.0,1.0,1.0,2.0,2.0,0.0,0.0,2.0,1.0,0.0,,,2981,410334.0,179,23632.0,54.63,54.63,64.29,64.29,55.56,55.56,54.49,54.49,62.5,62.5
44663,Iran,IRN,,,NAT_TOTAL,2020-09-17,3.0,0.0,0.0,,2.0,1.0,1.0,1.0,1.0,1.0,1.0,1.0,2.0,0.0,3.0,1.0,0.0,2.0,0.0,0.0,1.0,1.0,2.0,2.0,0.0,0.0,2.0,1.0,0.0,,,2815,413149.0,176,23808.0,54.63,54.63,64.29,64.29,55.56,55.56,54.49,54.49,62.5,62.5
44664,Iran,IRN,,,NAT_TOTAL,2020-09-18,3.0,0.0,0.0,,2.0,1.0,1.0,1.0,1.0,1.0,1.0,1.0,2.0,0.0,3.0,1.0,0.0,2.0,0.0,0.0,1.0,1.0,2.0,2.0,0.0,0.0,2.0,1.0,0.0,,,3049,416198.0,144,23952.0,54.63,54.63,64.29,64.29,55.56,55.56,54.49,54.49,62.5,62.5
44665,Iran,IRN,,,NAT_TOTAL,2020-09-19,3.0,0.0,0.0,,2.0,1.0,1.0,1.0,1.0,1.0,1.0,1.0,2.0,0.0,3.0,1.0,0.0,2.0,0.0,0.0,1.0,1.0,2.0,2.0,0.0,0.0,2.0,1.0,0.0,,,2845,419043.0,166,24118.0,54.63,54.63,64.29,64.29,55.56,55.56,54.49,54.49,62.5,62.5
44666,Iran,IRN,,,NAT_TOTAL,2020-09-20,3.0,0.0,0.0,,2.0,1.0,1.0,1.0,1.0,1.0,1.0,1.0,2.0,0.0,3.0,1.0,0.0,2.0,0.0,0.0,1.0,1.0,2.0,2.0,0.0,0.0,2.0,1.0,0.0,,,3097,422140.0,183,24301.0,54.63,54.63,64.29,64.29,55.56,55.56,54.49,54.49,62.5,62.5
44667,Iran,IRN,,,NAT_TOTAL,2020-09-21,3.0,0.0,0.0,,2.0,1.0,1.0,1.0,1.0,1.0,1.0,1.0,2.0,0.0,3.0,1.0,0.0,2.0,0.0,0.0,1.0,1.0,2.0,2.0,0.0,0.0,2.0,1.0,0.0,,,3341,425481.0,177,24478.0,54.63,54.63,64.29,64.29,55.56,55.56,54.49,54.49,62.5,62.5
44668,Iran,IRN,,,NAT_TOTAL,2020-09-22,3.0,0.0,0.0,,2.0,1.0,1.0,1.0,1.0,1.0,1.0,1.0,2.0,0.0,3.0,1.0,0.0,2.0,0.0,0.0,1.0,1.0,2.0,2.0,0.0,0.0,2.0,1.0,0.0,,,3712,429193.0,178,24656.0,54.63,54.63,64.29,64.29,55.56,55.56,54.49,54.49,62.5,62.5
44669,Iran,IRN,,,NAT_TOTAL,2020-09-23,3.0,0.0,0.0,,2.0,1.0,1.0,1.0,1.0,1.0,1.0,1.0,2.0,0.0,3.0,1.0,0.0,2.0,0.0,0.0,1.0,1.0,2.0,2.0,0.0,0.0,2.0,1.0,0.0,,,3605,432798.0,184,24840.0,54.63,54.63,64.29,64.29,55.56,55.56,54.49,54.49,62.5,62.5
44670,Iran,IRN,,,NAT_TOTAL,2020-09-24,3.0,0.0,0.0,,2.0,1.0,1.0,1.0,1.0,1.0,1.0,1.0,2.0,0.0,3.0,1.0,0.0,2.0,0.0,0.0,1.0,1.0,2.0,2.0,0.0,0.0,2.0,1.0,0.0,,,3521,436319.0,175,25015.0,54.63,54.63,64.29,64.29,55.56,55.56,54.49,54.49,62.5,62.5
44671,Iran,IRN,,,NAT_TOTAL,2020-09-25,3.0,0.0,0.0,,2.0,1.0,1.0,1.0,1.0,1.0,1.0,1.0,2.0,0.0,3.0,1.0,0.0,2.0,0.0,0.0,1.0,1.0,2.0,2.0,0.0,0.0,2.0,1.0,0.0,,,3563,439882.0,207,25222.0,54.63,54.63,64.29,64.29,55.56,55.56,54.49,54.49,62.5,62.5
44672,Iran,IRN,,,NAT_TOTAL,2020-09-26,3.0,0.0,0.0,,2.0,1.0,1.0,1.0,1.0,1.0,1.0,1.0,2.0,0.0,3.0,1.0,0.0,2.0,0.0,0.0,1.0,1.0,2.0,2.0,0.0,0.0,2.0,1.0,0.0,,,3204,443086.0,172,25394.0,54.63,54.63,64.29,64.29,55.56,55.56,54.49,54.49,62.5,62.5
44673,Iran,IRN,,,NAT_TOTAL,2020-09-27,3.0,0.0,0.0,,2.0,1.0,1.0,1.0,1.0,1.0,1.0,1.0,2.0,0.0,3.0,1.0,0.0,2.0,0.0,0.0,1.0,1.0,2.0,2.0,0.0,0.0,2.0,1.0,0.0,,,3362,446448.0,195,25589.0,54.63,54.63,64.29,64.29,55.56,55.56,54.49,54.49,62.5,62.5
44674,Iran,IRN,,,NAT_TOTAL,2020-09-28,3.0,0.0,0.0,,2.0,1.0,1.0,1.0,1.0,1.0,1.0,1.0,2.0,0.0,3.0,1.0,0.0,2.0,0.0,0.0,1.0,1.0,2.0,2.0,0.0,0.0,2.0,1.0,0.0,,,3512,449960.0,190,25779.0,54.63,54.63,64.29,64.29,55.56,55.56,54.49,54.49,62.5,62.5
44675,Iran,IRN,,,NAT_TOTAL,2020-09-29,3.0,0.0,0.0,,2.0,1.0,1.0,1.0,1.0,1.0,1.0,1.0,2.0,0.0,3.0,1.0,0.0,2.0,0.0,0.0,1.0,1.0,2.0,2.0,0.0,0.0,2.0,1.0,0.0,,,3677,453637.0,207,25986.0,54.63,54.63,64.29,64.29,55.56,55.56,54.49,54.49,62.5,62.5
44676,Iran,IRN,,,NAT_TOTAL,2020-09-30,3.0,0.0,0.0,,2.0,1.0,1.0,1.0,1.0,1.0,1.0,1.0,2.0,0.0,3.0,1.0,0.0,2.0,0.0,0.0,1.0,1.0,2.0,2.0,0.0,0.0,2.0,1.0,0.0,,,3582,457219.0,183,26169.0,54.63,54.63,64.29,64.29,55.56,55.56,54.49,54.49,62.5,62.5
44677,Iran,IRN,,,NAT_TOTAL,2020-10-01,3.0,0.0,0.0,,2.0,1.0,1.0,1.0,1.0,1.0,1.0,1.0,2.0,0.0,3.0,1.0,0.0,2.0,0.0,0.0,1.0,1.0,2.0,2.0,0.0,0.0,2.0,1.0,0.0,,,3825,461044.0,211,26380.0,54.63,54.63,64.29,64.29,55.56,55.56,54.49,54.49,62.5,62.5
44678,Iran,IRN,,,NAT_TOTAL,2020-10-02,3.0,0.0,0.0,,2.0,1.0,1.0,1.0,1.0,1.0,1.0,1.0,2.0,0.0,3.0,1.0,0.0,2.0,0.0,0.0,1.0,1.0,2.0,2.0,0.0,0.0,2.0,1.0,0.0,,,3552,464596.0,187,26567.0,54.63,54.63,64.29,64.29,55.56,55.56,54.49,54.49,62.5,62.5
44679,Iran,IRN,,,NAT_TOTAL,2020-10-03,3.0,0.0,0.0,,2.0,1.0,1.0,1.0,1.0,1.0,1.0,1.0,2.0,1.0,3.0,1.0,0.0,2.0,0.0,0.0,1.0,1.0,2.0,2.0,0.0,0.0,2.0,1.0,0.0,,,3523,468119.0,179,26746.0,57.41,57.41,69.05,69.05,57.22,57.22,56.41,56.41,62.5,62.5
44680,Iran,IRN,,,NAT_TOTAL,2020-10-04,3.0,0.0,0.0,,2.0,1.0,1.0,1.0,1.0,1.0,1.0,1.0,2.0,1.0,3.0,1.0,0.0,2.0,0.0,0.0,1.0,1.0,2.0,2.0,0.0,0.0,2.0,1.0,0.0,,,3653,471772.0,211,26957.0,57.41,57.41,69.05,69.05,57.22,57.22,56.41,56.41,62.5,62.5
44681,Iran,IRN,,,NAT_TOTAL,2020-10-05,3.0,0.0,0.0,,2.0,1.0,1.0,1.0,1.0,1.0,1.0,1.0,2.0,1.0,3.0,1.0,0.0,2.0,0.0,0.0,1.0,1.0,2.0,2.0,0.0,0.0,2.0,1.0,0.0,,,3902,475674.0,235,27192.0,57.41,57.41,69.05,69.05,57.22,57.22,56.41,56.41,62.5,62.5
44682,Iran,IRN,,,NAT_TOTAL,2020-10-06,3.0,1.0,0.0,,2.0,1.0,4.0,1.0,1.0,1.0,2.0,0.0,2.0,1.0,3.0,0.0,,0.0,0.0,0.0,1.0,1.0,2.0,0.0,0.0,0.0,2.0,1.0,0.0,,,4151,479825.0,227,27419.0,69.44,69.44,72.62,72.62,49.44,49.44,57.05,57.05,0.0,0.0
44683,Iran,IRN,,,NAT_TOTAL,2020-10-07,3.0,1.0,0.0,,2.0,1.0,4.0,1.0,1.0,1.0,2.0,0.0,2.0,1.0,3.0,0.0,,0.0,0.0,0.0,1.0,1.0,2.0,0.0,0.0,0.0,2.0,1.0,0.0,,,4019,483844.0,239,27658.0,69.44,69.44,72.62,72.62,49.44,49.44,57.05,57.05,0.0,0.0
44684,Iran,IRN,,,NAT_TOTAL,2020-10-08,3.0,1.0,0.0,,2.0,1.0,4.0,1.0,1.0,1.0,2.0,0.0,2.0,1.0,3.0,0.0,,0.0,0.0,0.0,1.0,1.0,2.0,0.0,0.0,0.0,2.0,1.0,0.0,,,4392,488236.0,230,27888.0,69.44,69.44,72.62,72.62,49.44,49.44,57.05,57.05,0.0,0.0
44685,Iran,IRN,,,NAT_TOTAL,2020-10-09,3.0,1.0,0.0,,2.0,1.0,4.0,1.0,1.0,1.0,2.0,0.0,2.0,1.0,3.0,0.0,,0.0,0.0,0.0,1.0,1.0,2.0,0.0,0.0,0.0,2.0,1.0,0.0,,,4142,492378.0,210,28098.0,69.44,69.44,72.62,72.62,49.44,49.44,57.05,57.05,0.0,0.0
44686,Iran,IRN,,,NAT_TOTAL,2020-10-10,3.0,1.0,0.0,,2.0,1.0,4.0,1.0,1.0,1.0,2.0,0.0,2.0,1.0,3.0,0.0,,0.0,0.0,0.0,1.0,1.0,2.0,0.0,0.0,0.0,2.0,1.0,0.0,,,3875,496253.0,195,28293.0,69.44,69.44,72.62,72.62,49.44,49.44,57.05,57.05,0.0,0.0
44687,Iran,IRN,,,NAT_TOTAL,2020-10-11,3.0,1.0,0.0,,2.0,1.0,4.0,1.0,1.0,1.0,2.0,0.0,2.0,1.0,3.0,0.0,,0.0,0.0,0.0,1.0,1.0,2.0,0.0,0.0,0.0,2.0,1.0,0.0,,,3822,500075.0,251,28544.0,69.44,69.44,72.62,72.62,49.44,49.44,57.05,57.05,0.0,0.0
44688,Iran,IRN,,,NAT_TOTAL,2020-10-12,3.0,1.0,0.0,,2.0,1.0,4.0,1.0,1.0,1.0,2.0,0.0,2.0,1.0,3.0,0.0,,0.0,0.0,0.0,1.0,1.0,2.0,0.0,0.0,0.0,2.0,1.0,0.0,,,4206,504281.0,272,28816.0,69.44,69.44,72.62,72.62,49.44,49.44,57.05,57.05,0.0,0.0
44689,Iran,IRN,,,NAT_TOTAL,2020-10-13,3.0,1.0,0.0,,2.0,1.0,4.0,1.0,1.0,1.0,2.0,0.0,2.0,1.0,3.0,0.0,,0.0,0.0,0.0,1.0,1.0,2.0,0.0,0.0,0.0,2.0,1.0,0.0,,,4108,508389.0,254,29070.0,69.44,69.44,72.62,72.62,49.44,49.44,57.05,57.05,0.0,0.0
44690,Iran,IRN,,,NAT_TOTAL,2020-10-14,3.0,1.0,0.0,,2.0,1.0,4.0,1.0,1.0,1.0,2.0,0.0,2.0,1.0,3.0,0.0,,0.0,0.0,0.0,1.0,1.0,2.0,0.0,0.0,0.0,2.0,1.0,0.0,,,4830,513219.0,279,29349.0,69.44,69.44,72.62,72.62,49.44,49.44,57.05,57.05,0.0,0.0
44691,Iran,IRN,,,NAT_TOTAL,2020-10-15,3.0,0.0,0.0,,2.0,1.0,3.0,0.0,1.0,1.0,1.0,1.0,2.0,0.0,3.0,0.0,,0.0,0.0,0.0,1.0,1.0,2.0,0.0,0.0,0.0,3.0,0.0,0.0,,,4616,517835.0,256,29605.0,58.8,58.8,64.29,64.29,43.89,43.89,50.64,50.64,0.0,0.0
44692,Iran,IRN,,,NAT_TOTAL,2020-10-16,3.0,0.0,0.0,,2.0,1.0,3.0,0.0,1.0,1.0,1.0,1.0,2.0,0.0,3.0,0.0,,0.0,0.0,0.0,1.0,1.0,2.0,0.0,0.0,0.0,3.0,0.0,0.0,,,4552,522387.0,265,29870.0,58.8,58.8,64.29,64.29,43.89,43.89,50.64,50.64,0.0,0.0
44693,Iran,IRN,,,NAT_TOTAL,2020-10-17,3.0,0.0,0.0,,2.0,1.0,3.0,0.0,1.0,1.0,1.0,1.0,2.0,0.0,3.0,0.0,,0.0,0.0,0.0,1.0,1.0,2.0,0.0,0.0,0.0,3.0,0.0,0.0,,,4103,526490.0,253,30123.0,58.8,58.8,64.29,64.29,43.89,43.89,50.64,50.64,0.0,0.0
44694,Iran,IRN,,,NAT_TOTAL,2020-10-18,3.0,0.0,0.0,,2.0,1.0,3.0,0.0,1.0,1.0,1.0,1.0,2.0,0.0,3.0,0.0,,0.0,0.0,0.0,1.0,1.0,2.0,0.0,0.0,0.0,3.0,0.0,0.0,,,3890,530380.0,252,30375.0,58.8,58.8,64.29,64.29,43.89,43.89,50.64,50.64,0.0,0.0
44695,Iran,IRN,,,NAT_TOTAL,2020-10-19,3.0,0.0,0.0,,2.0,1.0,3.0,0.0,1.0,1.0,1.0,1.0,2.0,0.0,3.0,0.0,,0.0,0.0,0.0,1.0,1.0,2.0,0.0,0.0,0.0,3.0,0.0,0.0,,,4251,534631.0,337,30712.0,58.8,58.8,64.29,64.29,43.89,43.89,50.64,50.64,0.0,0.0
44696,Iran,IRN,,,NAT_TOTAL,2020-10-20,3.0,0.0,0.0,,2.0,1.0,3.0,0.0,1.0,1.0,1.0,1.0,2.0,0.0,3.0,0.0,,0.0,0.0,0.0,1.0,1.0,2.0,0.0,0.0,0.0,3.0,0.0,0.0,,,5039,539670.0,322,31034.0,58.8,58.8,64.29,64.29,43.89,43.89,50.64,50.64,0.0,0.0
44697,Iran,IRN,,,NAT_TOTAL,2020-10-21,3.0,0.0,0.0,,2.0,1.0,3.0,0.0,1.0,1.0,1.0,1.0,2.0,0.0,3.0,0.0,,0.0,0.0,0.0,1.0,1.0,2.0,0.0,0.0,0.0,3.0,0.0,0.0,,,5616,545286.0,312,31346.0,58.8,58.8,64.29,64.29,43.89,43.89,50.64,50.64,0.0,0.0
44698,Iran,IRN,,,NAT_TOTAL,2020-10-22,3.0,0.0,0.0,,2.0,1.0,3.0,0.0,1.0,1.0,1.0,1.0,2.0,0.0,3.0,0.0,,0.0,0.0,0.0,1.0,1.0,2.0,0.0,0.0,0.0,3.0,0.0,0.0,,,5471,550757.0,304,31650.0,58.8,58.8,64.29,64.29,43.89,43.89,50.64,50.64,0.0,0.0
44699,Iran,IRN,,,NAT_TOTAL,2020-10-23,3.0,0.0,0.0,,2.0,1.0,3.0,0.0,1.0,1.0,1.0,1.0,2.0,0.0,3.0,0.0,,0.0,0.0,0.0,1.0,1.0,2.0,0.0,0.0,0.0,3.0,0.0,0.0,,,6134,556891.0,335,31985.0,58.8,58.8,64.29,64.29,43.89,43.89,50.64,50.64,0.0,0.0
44700,Iran,IRN,,,NAT_TOTAL,2020-10-24,3.0,0.0,0.0,,2.0,1.0,3.0,0.0,1.0,1.0,1.0,1.0,2.0,0.0,3.0,0.0,,0.0,0.0,0.0,1.0,1.0,2.0,0.0,0.0,0.0,3.0,0.0,0.0,,,5814,562705.0,335,32320.0,58.8,58.8,64.29,64.29,43.89,43.89,50.64,50.64,0.0,0.0
44701,Iran,IRN,,,NAT_TOTAL,2020-10-25,3.0,0.0,0.0,,2.0,1.0,3.0,0.0,1.0,1.0,1.0,1.0,2.0,0.0,3.0,0.0,,0.0,0.0,0.0,1.0,1.0,2.0,0.0,0.0,0.0,3.0,0.0,0.0,,,6191,568896.0,296,32616.0,58.8,58.8,64.29,64.29,43.89,43.89,50.64,50.64,0.0,0.0
44702,Iran,IRN,,,NAT_TOTAL,2020-10-26,3.0,0.0,3.0,0.0,2.0,1.0,3.0,0.0,2.0,0.0,1.0,1.0,2.0,0.0,3.0,0.0,,0.0,0.0,0.0,1.0,1.0,2.0,0.0,0.0,0.0,3.0,0.0,0.0,,,5960,574856.0,337,32953.0,70.83,70.83,75.0,75.0,51.11,51.11,58.97,58.97,0.0,0.0
44703,Iran,IRN,,,NAT_TOTAL,2020-10-27,3.0,0.0,3.0,0.0,2.0,1.0,3.0,0.0,2.0,0.0,1.0,1.0,2.0,0.0,3.0,0.0,,0.0,0.0,0.0,1.0,1.0,2.0,0.0,0.0,0.0,3.0,0.0,0.0,,,6968,581824.0,346,33299.0,70.83,70.83,75.0,75.0,51.11,51.11,58.97,58.97,0.0,0.0
44704,Iran,IRN,,,NAT_TOTAL,2020-10-28,3.0,0.0,3.0,0.0,2.0,1.0,3.0,0.0,2.0,0.0,1.0,1.0,2.0,0.0,3.0,0.0,,0.0,0.0,0.0,1.0,1.0,2.0,0.0,0.0,0.0,3.0,0.0,0.0,,,6824,588648.0,415,33714.0,70.83,70.83,75.0,75.0,51.11,51.11,58.97,58.97,0.0,0.0
44705,Iran,IRN,,,NAT_TOTAL,2020-10-29,3.0,0.0,3.0,0.0,2.0,1.0,3.0,0.0,2.0,0.0,1.0,1.0,2.0,0.0,3.0,0.0,,0.0,0.0,0.0,1.0,1.0,2.0,0.0,0.0,0.0,3.0,0.0,0.0,,,8293,596941.0,399,34113.0,70.83,70.83,75.0,75.0,51.11,51.11,58.97,58.97,0.0,0.0
44706,Iran,IRN,,,NAT_TOTAL,2020-10-30,3.0,0.0,3.0,0.0,2.0,1.0,3.0,0.0,1.0,1.0,1.0,1.0,2.0,0.0,3.0,0.0,,0.0,0.0,0.0,1.0,1.0,2.0,0.0,0.0,0.0,3.0,0.0,0.0,,,8011,604952.0,365,34478.0,68.06,68.06,75.0,75.0,49.44,49.44,57.05,57.05,0.0,0.0
44707,Iran,IRN,,,NAT_TOTAL,2020-10-31,3.0,0.0,3.0,0.0,2.0,1.0,3.0,0.0,1.0,1.0,1.0,1.0,2.0,0.0,3.0,0.0,,0.0,0.0,0.0,1.0,1.0,2.0,0.0,0.0,0.0,3.0,0.0,0.0,,,7820,612772.0,386,34864.0,68.06,68.06,75.0,75.0,49.44,49.44,57.05,57.05,0.0,0.0
44708,Iran,IRN,,,NAT_TOTAL,2020-11-01,3.0,0.0,3.0,0.0,2.0,1.0,3.0,0.0,1.0,1.0,1.0,1.0,2.0,0.0,3.0,0.0,,0.0,0.0,0.0,1.0,1.0,2.0,0.0,0.0,0.0,3.0,0.0,0.0,,,7719,620491.0,434,35298.0,68.06,68.06,75.0,75.0,49.44,49.44,57.05,57.05,0.0,0.0
44709,Iran,IRN,,,NAT_TOTAL,2020-11-02,3.0,0.0,3.0,0.0,2.0,1.0,3.0,0.0,1.0,1.0,1.0,1.0,2.0,0.0,3.0,0.0,,0.0,0.0,0.0,1.0,1.0,2.0,0.0,0.0,0.0,3.0,0.0,0.0,,,8289,628780.0,440,35738.0,68.06,68.06,75.0,75.0,49.44,49.44,57.05,57.05,0.0,0.0
44710,Iran,IRN,,,NAT_TOTAL,2020-11-03,3.0,0.0,3.0,0.0,2.0,1.0,3.0,0.0,1.0,1.0,1.0,1.0,2.0,0.0,3.0,0.0,,0.0,0.0,0.0,1.0,1.0,2.0,0.0,0.0,0.0,3.0,0.0,0.0,,,8932,637712.0,422,36160.0,68.06,68.06,75.0,75.0,49.44,49.44,57.05,57.05,0.0,0.0
44711,Iran,IRN,,,NAT_TOTAL,2020-11-04,3.0,0.0,3.0,0.0,2.0,1.0,3.0,0.0,1.0,1.0,1.0,1.0,2.0,0.0,3.0,0.0,,0.0,0.0,0.0,1.0,1.0,2.0,0.0,0.0,0.0,3.0,0.0,0.0,,,8452,646164.0,419,36579.0,68.06,68.06,75.0,75.0,49.44,49.44,57.05,57.05,0.0,0.0
44712,Iran,IRN,,,NAT_TOTAL,2020-11-05,3.0,0.0,3.0,0.0,2.0,1.0,3.0,0.0,1.0,1.0,1.0,1.0,2.0,0.0,3.0,0.0,,0.0,0.0,0.0,1.0,1.0,2.0,0.0,0.0,0.0,3.0,0.0,0.0,,,8772,654936.0,406,36985.0,68.06,68.06,75.0,75.0,49.44,49.44,57.05,57.05,0.0,0.0
44713,Iran,IRN,,,NAT_TOTAL,2020-11-06,3.0,0.0,3.0,0.0,2.0,1.0,3.0,0.0,1.0,1.0,1.0,1.0,2.0,0.0,3.0,0.0,,0.0,0.0,0.0,1.0,1.0,2.0,0.0,0.0,0.0,3.0,0.0,0.0,,,8864,663800.0,424,37409.0,68.06,68.06,75.0,75.0,49.44,49.44,57.05,57.05,0.0,0.0
44714,Iran,IRN,,,NAT_TOTAL,2020-11-07,3.0,0.0,3.0,0.0,2.0,1.0,3.0,0.0,1.0,1.0,1.0,1.0,2.0,0.0,3.0,0.0,,0.0,0.0,0.0,1.0,1.0,2.0,0.0,0.0,0.0,3.0,0.0,0.0,,,9450,673250.0,423,37832.0,68.06,68.06,75.0,75.0,49.44,49.44,57.05,57.05,0.0,0.0
44715,Iran,IRN,,,NAT_TOTAL,2020-11-08,3.0,0.0,3.0,0.0,2.0,1.0,3.0,0.0,1.0,1.0,1.0,1.0,2.0,0.0,3.0,0.0,,0.0,0.0,0.0,1.0,1.0,2.0,0.0,0.0,0.0,3.0,0.0,0.0,,,9236,682486.0,459,38291.0,68.06,68.06,75.0,75.0,49.44,49.44,57.05,57.05,0.0,0.0
44716,Iran,IRN,,,NAT_TOTAL,2020-11-09,3.0,0.0,3.0,0.0,2.0,1.0,3.0,0.0,1.0,1.0,1.0,1.0,2.0,0.0,3.0,0.0,,0.0,0.0,0.0,1.0,1.0,2.0,0.0,0.0,0.0,3.0,0.0,0.0,,,10463,692949.0,458,38749.0,68.06,68.06,75.0,75.0,49.44,49.44,57.05,57.05,0.0,0.0
44717,Iran,IRN,,,NAT_TOTAL,2020-11-10,3.0,0.0,3.0,0.0,2.0,1.0,3.0,0.0,1.0,1.0,1.0,1.0,2.0,0.0,3.0,0.0,,0.0,0.0,0.0,1.0,1.0,2.0,0.0,0.0,0.0,3.0,0.0,0.0,,,10339,703288.0,453,39202.0,68.06,68.06,75.0,75.0,49.44,49.44,57.05,57.05,0.0,0.0
44718,Iran,IRN,,,NAT_TOTAL,2020-11-11,3.0,0.0,3.0,0.0,2.0,1.0,3.0,0.0,1.0,1.0,1.0,1.0,2.0,0.0,3.0,0.0,,0.0,0.0,0.0,1.0,1.0,2.0,0.0,0.0,0.0,3.0,0.0,0.0,,,11780,715068.0,462,39664.0,68.06,68.06,75.0,75.0,49.44,49.44,57.05,57.05,0.0,0.0
44719,Iran,IRN,,,NAT_TOTAL,2020-11-12,3.0,0.0,3.0,0.0,2.0,1.0,3.0,0.0,1.0,1.0,1.0,1.0,2.0,0.0,3.0,0.0,,0.0,0.0,0.0,1.0,1.0,2.0,0.0,0.0,0.0,3.0,0.0,0.0,,,11517,726585.0,457,40121.0,68.06,68.06,75.0,75.0,49.44,49.44,57.05,57.05,0.0,0.0
44720,Iran,IRN,,,NAT_TOTAL,2020-11-13,3.0,0.0,3.0,0.0,2.0,1.0,3.0,0.0,1.0,1.0,1.0,1.0,2.0,0.0,3.0,0.0,,0.0,0.0,0.0,1.0,1.0,2.0,0.0,0.0,0.0,3.0,0.0,0.0,,,11737,738322.0,461,40582.0,68.06,68.06,75.0,75.0,49.44,49.44,57.05,57.05,0.0,0.0
44721,Iran,IRN,,,NAT_TOTAL,2020-11-14,3.0,0.0,3.0,0.0,2.0,1.0,3.0,0.0,1.0,1.0,1.0,1.0,2.0,0.0,3.0,0.0,,0.0,0.0,0.0,1.0,1.0,2.0,0.0,0.0,0.0,3.0,0.0,0.0,,,11203,749525.0,452,41034.0,68.06,68.06,75.0,75.0,49.44,49.44,57.05,57.05,0.0,0.0
44722,Iran,IRN,,,NAT_TOTAL,2020-11-15,3.0,0.0,3.0,0.0,2.0,1.0,3.0,0.0,1.0,1.0,1.0,1.0,2.0,0.0,3.0,0.0,,0.0,0.0,0.0,1.0,1.0,2.0,0.0,0.0,0.0,3.0,0.0,0.0,,,12543,762068.0,459,41493.0,68.06,68.06,75.0,75.0,49.44,49.44,57.05,57.05,0.0,0.0
44723,Iran,IRN,,,NAT_TOTAL,2020-11-16,3.0,0.0,3.0,0.0,2.0,1.0,3.0,0.0,1.0,1.0,1.0,1.0,2.0,0.0,3.0,0.0,,0.0,0.0,0.0,1.0,1.0,2.0,0.0,0.0,0.0,3.0,0.0,0.0,,,13053,775121.0,486,41979.0,68.06,68.06,75.0,75.0,49.44,49.44,57.05,57.05,0.0,0.0
44724,Iran,IRN,,,NAT_TOTAL,2020-11-17,3.0,0.0,3.0,0.0,2.0,1.0,3.0,0.0,1.0,1.0,1.0,1.0,2.0,0.0,3.0,0.0,,0.0,0.0,0.0,1.0,1.0,2.0,0.0,0.0,0.0,3.0,0.0,0.0,,,13352,788473.0,482,42461.0,68.06,68.06,75.0,75.0,49.44,49.44,57.05,57.05,0.0,0.0
44725,Iran,IRN,,,NAT_TOTAL,2020-11-18,3.0,0.0,3.0,0.0,2.0,1.0,3.0,0.0,1.0,1.0,1.0,1.0,2.0,0.0,3.0,0.0,,0.0,0.0,0.0,1.0,1.0,2.0,0.0,0.0,0.0,3.0,0.0,0.0,,,13421,801894.0,480,42941.0,68.06,68.06,75.0,75.0,49.44,49.44,57.05,57.05,0.0,0.0
44726,Iran,IRN,,,NAT_TOTAL,2020-11-19,3.0,0.0,3.0,0.0,2.0,1.0,3.0,0.0,1.0,1.0,1.0,1.0,2.0,0.0,3.0,0.0,,0.0,0.0,0.0,1.0,1.0,2.0,0.0,0.0,0.0,3.0,0.0,0.0,,,13223,815117.0,476,43417.0,68.06,68.06,75.0,75.0,49.44,49.44,57.05,57.05,0.0,0.0
44727,Iran,IRN,,,NAT_TOTAL,2020-11-20,3.0,0.0,3.0,0.0,2.0,1.0,3.0,0.0,1.0,1.0,1.0,1.0,2.0,0.0,3.0,0.0,,0.0,0.0,0.0,1.0,1.0,2.0,0.0,0.0,0.0,3.0,0.0,0.0,,,13260,828377.0,479,43896.0,68.06,68.06,75.0,75.0,49.44,49.44,57.05,57.05,0.0,0.0
44728,Iran,IRN,,,NAT_TOTAL,2020-11-21,3.0,0.0,3.0,0.0,2.0,1.0,3.0,0.0,1.0,1.0,1.0,1.0,2.0,0.0,3.0,0.0,,0.0,0.0,0.0,1.0,1.0,2.0,0.0,0.0,0.0,3.0,0.0,0.0,,,12931,841308.0,431,44327.0,68.06,68.06,75.0,75.0,49.44,49.44,57.05,57.05,0.0,0.0
44729,Iran,IRN,,,NAT_TOTAL,2020-11-22,3.0,0.0,3.0,0.0,2.0,1.0,3.0,0.0,1.0,1.0,1.0,1.0,2.0,0.0,3.0,0.0,,0.0,0.0,0.0,1.0,1.0,2.0,0.0,0.0,0.0,3.0,0.0,0.0,,,13053,854361.0,475,44802.0,68.06,68.06,75.0,75.0,49.44,49.44,57.05,57.05,0.0,0.0
44730,Iran,IRN,,,NAT_TOTAL,2020-11-23,3.0,0.0,3.0,0.0,2.0,1.0,3.0,0.0,1.0,1.0,1.0,1.0,2.0,0.0,3.0,0.0,,0.0,0.0,0.0,1.0,1.0,2.0,0.0,0.0,0.0,3.0,0.0,0.0,,,12460,866821.0,453,45255.0,68.06,68.06,75.0,75.0,49.44,49.44,57.05,57.05,0.0,0.0
44731,Iran,IRN,,,NAT_TOTAL,2020-11-24,3.0,0.0,3.0,0.0,2.0,1.0,3.0,0.0,1.0,1.0,1.0,1.0,2.0,0.0,3.0,0.0,,0.0,0.0,0.0,1.0,1.0,2.0,0.0,0.0,0.0,3.0,0.0,0.0,,,13721,880542.0,483,45738.0,68.06,68.06,75.0,75.0,49.44,49.44,57.05,57.05,0.0,0.0
44732,Iran,IRN,,,NAT_TOTAL,2020-11-25,3.0,0.0,3.0,0.0,2.0,1.0,4.0,0.0,1.0,1.0,1.0,1.0,2.0,0.0,3.0,1.0,0.0,1.0,0.0,0.0,1.0,1.0,2.0,1.0,0.0,0.0,3.0,0.0,0.0,,,13843,894385.0,469,46207.0,70.83,70.83,75.0,75.0,59.44,59.44,62.82,62.82,37.5,37.5
44733,Iran,IRN,,,NAT_TOTAL,2020-11-26,3.0,0.0,3.0,0.0,2.0,1.0,4.0,0.0,1.0,1.0,1.0,1.0,2.0,0.0,3.0,1.0,0.0,1.0,0.0,0.0,1.0,1.0,2.0,1.0,0.0,0.0,3.0,0.0,0.0,,,13961,908346.0,482,46689.0,70.83,70.83,75.0,75.0,59.44,59.44,62.82,62.82,37.5,37.5
44734,Iran,IRN,,,NAT_TOTAL,2020-11-27,3.0,0.0,3.0,0.0,2.0,1.0,4.0,0.0,1.0,1.0,1.0,1.0,2.0,0.0,3.0,1.0,0.0,1.0,0.0,0.0,1.0,1.0,2.0,1.0,0.0,0.0,3.0,0.0,0.0,,,14051,922397.0,406,47095.0,70.83,70.83,75.0,75.0,59.44,59.44,62.82,62.82,37.5,37.5
44735,Iran,IRN,,,NAT_TOTAL,2020-11-28,3.0,0.0,3.0,0.0,2.0,1.0,4.0,0.0,1.0,1.0,1.0,1.0,2.0,0.0,3.0,1.0,0.0,1.0,0.0,0.0,1.0,1.0,2.0,1.0,0.0,0.0,3.0,0.0,0.0,,,13402,935799.0,391,47486.0,70.83,70.83,75.0,75.0,59.44,59.44,62.82,62.82,37.5,37.5
44736,Iran,IRN,,,NAT_TOTAL,2020-11-29,3.0,0.0,3.0,0.0,2.0,1.0,4.0,0.0,1.0,1.0,1.0,1.0,2.0,0.0,3.0,1.0,0.0,1.0,0.0,0.0,1.0,1.0,2.0,1.0,0.0,0.0,3.0,0.0,0.0,,,12950,948749.0,388,47874.0,70.83,70.83,75.0,75.0,59.44,59.44,62.82,62.82,37.5,37.5
44737,Iran,IRN,,,NAT_TOTAL,2020-11-30,3.0,0.0,3.0,0.0,2.0,1.0,4.0,0.0,1.0,1.0,1.0,1.0,2.0,0.0,3.0,1.0,0.0,1.0,0.0,0.0,1.0,1.0,2.0,1.0,0.0,0.0,3.0,0.0,0.0,,,13321,962070.0,372,48246.0,70.83,70.83,75.0,75.0,59.44,59.44,62.82,62.82,37.5,37.5
44738,Iran,IRN,,,NAT_TOTAL,2020-12-01,3.0,0.0,3.0,0.0,2.0,1.0,4.0,0.0,1.0,1.0,1.0,1.0,2.0,0.0,3.0,1.0,0.0,1.0,0.0,0.0,1.0,1.0,2.0,1.0,0.0,0.0,3.0,0.0,0.0,,,13881,975951.0,382,48628.0,70.83,70.83,75.0,75.0,59.44,59.44,62.82,62.82,37.5,37.5
44739,Iran,IRN,,,NAT_TOTAL,2020-12-02,3.0,0.0,3.0,0.0,2.0,1.0,4.0,0.0,1.0,1.0,1.0,1.0,2.0,0.0,3.0,1.0,0.0,1.0,0.0,0.0,1.0,1.0,2.0,1.0,0.0,0.0,3.0,0.0,0.0,,,13621,989572.0,362,48990.0,70.83,70.83,75.0,75.0,59.44,59.44,62.82,62.82,37.5,37.5
44740,Iran,IRN,,,NAT_TOTAL,2020-12-03,3.0,0.0,3.0,0.0,2.0,1.0,4.0,0.0,1.0,1.0,1.0,1.0,2.0,0.0,3.0,1.0,0.0,1.0,0.0,0.0,1.0,1.0,1.0,1.0,0.0,0.0,1.0,0.0,0.0,,,13922,1003494.0,358,49348.0,70.83,70.83,75.0,75.0,53.89,53.89,56.41,56.41,37.5,37.5
44741,Iran,IRN,,,NAT_TOTAL,2020-12-04,3.0,0.0,3.0,0.0,2.0,1.0,4.0,0.0,1.0,1.0,1.0,1.0,2.0,0.0,3.0,1.0,0.0,1.0,0.0,0.0,1.0,1.0,1.0,1.0,0.0,0.0,1.0,0.0,0.0,,,13341,1016835.0,347,49695.0,70.83,70.83,75.0,75.0,53.89,53.89,56.41,56.41,37.5,37.5
44742,Iran,IRN,,,NAT_TOTAL,2020-12-05,3.0,0.0,3.0,0.0,2.0,1.0,4.0,0.0,1.0,1.0,1.0,1.0,2.0,0.0,3.0,1.0,0.0,1.0,0.0,0.0,1.0,1.0,1.0,1.0,0.0,0.0,1.0,0.0,0.0,,,12151,1028986.0,321,50016.0,70.83,70.83,75.0,75.0,53.89,53.89,56.41,56.41,37.5,37.5
44743,Iran,IRN,,,NAT_TOTAL,2020-12-06,3.0,0.0,3.0,0.0,2.0,1.0,4.0,0.0,1.0,1.0,1.0,1.0,2.0,0.0,3.0,1.0,0.0,1.0,0.0,0.0,1.0,1.0,1.0,1.0,0.0,0.0,1.0,0.0,0.0,,,11561,1040547.0,294,50310.0,70.83,70.83,75.0,75.0,53.89,53.89,56.41,56.41,37.5,37.5
44744,Iran,IRN,,,NAT_TOTAL,2020-12-07,3.0,0.0,3.0,0.0,2.0,1.0,4.0,0.0,1.0,1.0,1.0,1.0,2.0,0.0,3.0,1.0,0.0,1.0,0.0,0.0,1.0,1.0,1.0,1.0,0.0,0.0,1.0,0.0,0.0,,,10827,1051374.0,284,50594.0,70.83,70.83,75.0,75.0,53.89,53.89,56.41,56.41,37.5,37.5
44745,Iran,IRN,,,NAT_TOTAL,2020-12-08,3.0,0.0,3.0,0.0,2.0,1.0,4.0,0.0,1.0,1.0,1.0,1.0,2.0,0.0,3.0,1.0,0.0,1.0,0.0,0.0,1.0,1.0,1.0,1.0,0.0,0.0,1.0,0.0,0.0,,,11023,1062397.0,323,50917.0,70.83,70.83,75.0,75.0,53.89,53.89,56.41,56.41,37.5,37.5
44746,Iran,IRN,,,NAT_TOTAL,2020-12-09,3.0,0.0,3.0,0.0,2.0,1.0,4.0,0.0,1.0,1.0,1.0,1.0,2.0,0.0,3.0,1.0,0.0,1.0,0.0,0.0,1.0,1.0,1.0,1.0,0.0,0.0,1.0,0.0,0.0,,,10223,1072620.0,295,51212.0,70.83,70.83,75.0,75.0,53.89,53.89,56.41,56.41,37.5,37.5
44747,Iran,IRN,,,NAT_TOTAL,2020-12-10,3.0,0.0,3.0,0.0,2.0,1.0,4.0,0.0,1.0,1.0,1.0,1.0,2.0,0.0,3.0,1.0,0.0,1.0,0.0,0.0,1.0,1.0,1.0,1.0,0.0,0.0,1.0,0.0,0.0,,,10403,1083023.0,284,51496.0,70.83,70.83,75.0,75.0,53.89,53.89,56.41,56.41,37.5,37.5
44748,Iran,IRN,,,NAT_TOTAL,2020-12-11,3.0,0.0,3.0,0.0,2.0,1.0,4.0,0.0,1.0,1.0,1.0,1.0,2.0,0.0,3.0,1.0,0.0,1.0,0.0,0.0,1.0,1.0,1.0,1.0,0.0,0.0,1.0,0.0,0.0,,,9384,1092407.0,231,51727.0,70.83,70.83,75.0,75.0,53.89,53.89,56.41,56.41,37.5,37.5
44749,Iran,IRN,,,NAT_TOTAL,2020-12-12,3.0,0.0,3.0,0.0,2.0,1.0,4.0,0.0,1.0,1.0,1.0,1.0,2.0,0.0,3.0,1.0,0.0,1.0,0.0,0.0,1.0,1.0,1.0,1.0,0.0,0.0,1.0,0.0,0.0,,,8411,1100818.0,222,51949.0,70.83,70.83,75.0,75.0,53.89,53.89,56.41,56.41,37.5,37.5
44750,Iran,IRN,,,NAT_TOTAL,2020-12-13,3.0,0.0,3.0,0.0,2.0,1.0,4.0,0.0,1.0,1.0,1.0,1.0,2.0,0.0,3.0,1.0,0.0,1.0,0.0,0.0,1.0,1.0,1.0,1.0,0.0,0.0,1.0,0.0,0.0,,,7451,1108269.0,247,52196.0,70.83,70.83,75.0,75.0,53.89,53.89,56.41,56.41,37.5,37.5
44751,Iran,IRN,,,NAT_TOTAL,2020-12-14,3.0,0.0,3.0,0.0,2.0,1.0,4.0,0.0,1.0,1.0,1.0,1.0,2.0,0.0,3.0,1.0,0.0,1.0,0.0,0.0,1.0,1.0,1.0,1.0,0.0,0.0,1.0,0.0,0.0,,,7501,1115770.0,251,52447.0,70.83,70.83,75.0,75.0,53.89,53.89,56.41,56.41,37.5,37.5
44752,Iran,IRN,,,NAT_TOTAL,2020-12-15,3.0,0.0,3.0,0.0,2.0,1.0,4.0,0.0,1.0,1.0,1.0,1.0,2.0,0.0,3.0,1.0,0.0,1.0,0.0,0.0,1.0,1.0,1.0,1.0,0.0,0.0,1.0,0.0,0.0,,,7704,1123474.0,223,52670.0,70.83,70.83,75.0,75.0,53.89,53.89,56.41,56.41,37.5,37.5
44753,Iran,IRN,,,NAT_TOTAL,2020-12-16,,,,,,,,,,,,,,,,,,,,,,,,,,,,,,,,7603,1131077.0,213,52883.0,,,,,,,,,,
44754,Iran,IRN,,,NAT_TOTAL,2020-12-17,,,,,,,,,,,,,,,,,,,,,,,,,,,,,,,,7453,1138530.0,212,53095.0,,,,,,,,,,
44755,Iran,IRN,,,NAT_TOTAL,2020-12-18,,,,,,,,,,,,,,,,,,,,,,,,,,,,,,,,7121,1145651.0,178,53273.0,,,,,,,,,,
44756,Iran,IRN,,,NAT_TOTAL,2020-12-19,,,,,,,,,,,,,,,,,,,,,,,,,,,,,,,,6421,1152072.0,175,53448.0,,,,,,,,,,
44757,Iran,IRN,,,NAT_TOTAL,2020-12-20,,,,,,,,,,,,,,,,,,,,,,,,,,,,,,,,6312,1158384.0,177,53625.0,,70.83,,75.0,,53.89,,56.41,,37.5
44758,Iran,IRN,,,NAT_TOTAL,2020-12-21,,,,,,,,,,,,,,,,,,,,,,,,,,,,,,,,6151,1164535.0,191,53816.0,,70.83,,75.0,,53.89,,56.41,,37.5
44759,Iran,IRN,,,NAT_TOTAL,2020-12-22,,,,,,,,,,,,,,,,,,,,,,,,,,,,,,,,6208,1170743.0,187,54003.0,,70.83,,75.0,,53.89,,56.41,,37.5
44760,Iran,IRN,,,NAT_TOTAL,2020-12-23,,,,,,,,,,,,,,,,,,,,,,,,,,,,,,,,6261,1177004.0,153,54156.0,,70.83,,75.0,,53.89,,56.41,,37.5
44761,Iran,IRN,,,NAT_TOTAL,2020-12-24,,,,,,,,,,,,,,,,,,,,,,,,,,,,,,,,6178,1183182.0,152,54308.0,,70.83,,75.0,,53.89,,56.41,,37.5
44762,Iran,IRN,,,NAT_TOTAL,2020-12-25,,,,,,,,,,,,,,,,,,,,,,,,,,,,,,,,6021,1189203.0,132,54440.0,,70.83,,75.0,,53.89,,56.41,,37.5
44763,Iran,IRN,,,NAT_TOTAL,2020-12-26,,,,,,,,,,,,,,,,,,,,,,,,,,,,,,,,0,,0,,,70.83,,75.0,,53.89,,56.41,,37.5
